/*
SQLyog Enterprise - MySQL GUI v8.05 
MySQL - 5.6.24 : Database - simplecart
*********************************************************************
*/

/*!40101 SET NAMES utf8 */;

/*!40101 SET SQL_MODE=''*/;

/*!40014 SET @OLD_FOREIGN_KEY_CHECKS=@@FOREIGN_KEY_CHECKS, FOREIGN_KEY_CHECKS=0 */;
/*!40101 SET @OLD_SQL_MODE=@@SQL_MODE, SQL_MODE='NO_AUTO_VALUE_ON_ZERO' */;

/*Table structure for table `attribute` */

DROP TABLE IF EXISTS `attribute`;

CREATE TABLE `attribute` (
  `attr_id` int(11) NOT NULL AUTO_INCREMENT,
  `code` varchar(255) DEFAULT NULL,
  `label` varchar(255) DEFAULT NULL,
  `type` int(11) DEFAULT NULL COMMENT 'text,text area, date, yes/no, dropdown, multiselect, files',
  `attr_set_id` int(11) DEFAULT NULL,
  `sort_order` int(11) DEFAULT NULL,
  `options` text,
  `gui_edit` text,
  `gui_display` text,
  PRIMARY KEY (`attr_id`),
  KEY `attr_set_id_idx` (`attr_set_id`)
) ENGINE=InnoDB AUTO_INCREMENT=119 DEFAULT CHARSET=utf8;

/*Data for the table `attribute` */

insert  into `attribute`(`attr_id`,`code`,`label`,`type`,`attr_set_id`,`sort_order`,`options`,`gui_edit`,`gui_display`) values (1,'mobile_os','Operating System',1,1,5,'','',''),(2,'mobile_chipset','Chipset',1,1,5,'','',''),(3,'mobile_cpu','CPU',1,1,9,'','',''),(4,'mobile_gpu','GPU',1,1,13,'','',''),(5,'mobile_size','Size',1,1,18,'','',''),(10,'mobile_screensize','Screen',1,1,30,'','',''),(25,'mobile_wifi','Wifi',1,1,74,'','',''),(26,'mobile_bluetooth','Bluetooth',1,1,NULL,'','',''),(42,'laptop_cpu','CPU',1,2,4,'','',''),(45,'laptop_mainboard','Main Board',1,2,15,'','',''),(46,'laptop_ram','RAM',1,2,19,'','',''),(47,'laptop_hdd','HDD',1,2,23,'','',''),(48,'laptop_screen','Screen',1,2,25,'','',''),(50,'laptop_sound','Sound',1,2,34,'','',''),(53,'laptop_battery','Pin/Battery',1,2,39,'','',''),(55,'laptop_weight','Weight',1,2,46,'','',''),(56,'laptop_warranty','Warranty',1,2,48,'','',''),(59,'laptop_lan','Lan',1,2,60,'','',''),(60,'laptop_wifi','Wifi',1,2,62,'','',''),(62,'laptop_os_support','OS support',1,2,67,'','',''),(64,'tablet_os','OS',1,3,2,'','',''),(65,'tablet_chipset','Chipset',1,3,3,NULL,'',''),(66,'tablet_cpu','CPU',1,3,6,NULL,'',''),(68,'tablet_size','Size',1,3,10,'','',''),(71,'tablet_screensize','Screen Size',1,3,16,'','',''),(78,'tablet_cameraback','Camera',1,3,29,'','',''),(83,'tablet_ram','RAM',1,3,40,NULL,'',''),(94,'tablet_wifi','Wifi',1,3,NULL,NULL,'',''),(96,'tablet_pinamount','Pin Amount',1,3,NULL,'','',''),(99,'tablet_weight','Weight',1,3,NULL,'','',''),(100,'tablet_warranty','Bảo hành',1,3,NULL,NULL,'',''),(101,'kts_cambienanh','Bộ cảm biến hình ảnh',1,4,NULL,'','',''),(102,'kts_ongkinh','Ống kính',1,4,NULL,'','',''),(103,'kts_flash','Flash',1,4,NULL,'','',''),(104,'kts_chupanh','Chụp ảnh',1,4,NULL,'','',''),(105,'kts_quayphim','Quay phim',1,4,NULL,'','',''),(106,'kts_laynet','Hệ thống lấy nét',1,4,NULL,'','',''),(107,'kts_bonho_giaotiep','Bộ nhớ & Công giao tiếp',1,4,NULL,'','',''),(108,'kts_manhinh','Màn hình',1,4,NULL,'','',''),(109,'kts_nguon','Nguồn',1,4,NULL,'','',''),(110,'kts_baohanh','Bảo hành',1,4,NULL,'','','');

/*Table structure for table `attribute_group` */

DROP TABLE IF EXISTS `attribute_group`;

CREATE TABLE `attribute_group` (
  `attr_group_id` int(11) NOT NULL AUTO_INCREMENT,
  `group_name` varchar(255) COLLATE utf8_unicode_ci DEFAULT NULL,
  `attr_set_id` int(11) DEFAULT NULL,
  `sort_order` int(11) DEFAULT NULL,
  PRIMARY KEY (`attr_group_id`)
) ENGINE=InnoDB AUTO_INCREMENT=32 DEFAULT CHARSET=utf8 COLLATE=utf8_unicode_ci;

/*Data for the table `attribute_group` */

insert  into `attribute_group`(`attr_group_id`,`group_name`,`attr_set_id`,`sort_order`) values (1,'Thông số cơ bản',1,1),(2,'Màn hình',1,7),(3,'Đa phương tiện',1,11),(4,'Bộ nhớ',1,14),(5,'Kết nối',1,16),(7,'Pin',1,17),(8,'Trọng lượng',1,18),(9,'Bảo hành',1,19),(10,'Bộ xử lý',2,2),(11,'Tính năng mở rộng & cổng giao tiếp',2,12),(12,'Hệ điều hành',2,15),(13,'Bo mạch',2,3),(14,'Bộ nhớ',2,4),(15,'Đĩa cứng',2,5),(16,'Màn hình',2,6),(17,'Đồ họa',2,8),(18,'Âm thanh',2,9),(19,'Đĩa quang',2,10),(20,'Pin/Battery',2,13),(21,'Trọng lượng',2,20),(23,'Bảo hành',2,21),(24,'Thông số cơ bản',3,1),(25,'Màn hình',3,2),(26,'Đa phương tiện',3,3),(27,'Bộ nhớ',3,4),(28,'Kết nối',3,5),(29,'Pin',3,6),(30,'Trọng lượng',3,7),(31,'Bảo hành',3,8);

/*Table structure for table `attribute_set` */

DROP TABLE IF EXISTS `attribute_set`;

CREATE TABLE `attribute_set` (
  `attr_set_id` int(11) NOT NULL AUTO_INCREMENT,
  `name` varchar(255) DEFAULT NULL,
  PRIMARY KEY (`attr_set_id`)
) ENGINE=InnoDB AUTO_INCREMENT=6 DEFAULT CHARSET=utf8;

/*Data for the table `attribute_set` */

insert  into `attribute_set`(`attr_set_id`,`name`) values (1,'Phone'),(2,'Laptop'),(3,'Tablet'),(4,'Cameras'),(5,'Accessories');

/*Table structure for table `category` */

DROP TABLE IF EXISTS `category`;

CREATE TABLE `category` (
  `category_id` int(11) NOT NULL AUTO_INCREMENT,
  `name` varchar(255) DEFAULT NULL,
  `parent_id` int(11) DEFAULT NULL,
  `path` varchar(255) DEFAULT NULL,
  `tree_level` int(11) DEFAULT '0',
  `sort_order` int(11) DEFAULT '0',
  `alias` varchar(255) DEFAULT NULL,
  `child_count` int(11) DEFAULT '0',
  `product_count` int(11) DEFAULT '0',
  PRIMARY KEY (`category_id`),
  KEY `parent_id_idx` (`parent_id`)
) ENGINE=InnoDB AUTO_INCREMENT=61 DEFAULT CHARSET=utf8;

/*Data for the table `category` */

insert  into `category`(`category_id`,`name`,`parent_id`,`path`,`tree_level`,`sort_order`,`alias`,`child_count`,`product_count`) values (1,'Iphone',9,'9/1',1,1,'iphone',0,2),(2,'Samsung',9,'9/2',1,2,'samsung',2,0),(6,'HTC',9,'9/6',1,3,'htc',0,2),(8,'Sony',9,'9/8',1,4,'sony',0,2),(9,'Phone',0,'9',0,2,'phone',10,14),(10,'Laptop',0,'10',0,2,'lap-top',7,9),(21,'Nokia',9,'9/21',1,5,'nokia',0,2),(22,'Acer',10,'10/22',1,13,'acer',0,1),(23,'HP',10,'10/23',1,12,'hp',0,1),(24,'Macbook',10,'10/24',1,11,'macbook',0,1),(25,'Asus',10,'10/25',1,10,'asus',0,1),(26,'Dell',10,'10/26',1,9,'dell',0,2),(27,'Asus',9,'9/27',1,6,'asus',0,1),(28,'Sky',9,'9/28',1,7,'sky',0,3),(29,'Tablet',0,'29',0,3,'tablet',6,2),(30,'Ipad',29,'29/30',1,6,'ipad',0,1),(31,'Nexus 7',29,'29/31',1,5,'nexus7',0,0),(32,'Kindle Fire',29,'29/32',1,4,'kindle-fire',0,0),(33,'Asus',29,'29/33',1,3,'asus',0,0),(34,'Sony',10,'10/34',1,2,'sony',0,2),(36,'Others',9,'9/36',1,8,'others',0,2),(45,'Cameras',0,'45',0,5,'cameras',3,2),(46,'Accessories',0,'46',0,6,'accessories',0,1),(47,'Desktop',0,'47',0,4,'desktop',0,0),(48,'Toshiba',10,'10/48',1,16,'toshiba',0,1),(49,'Samsung',29,'29/49',1,0,'samsung',0,1),(50,'Acer',29,'29/50',1,0,'acer',0,0),(51,'Canon',45,'45/51',1,0,'canon',0,1),(52,'Nikon',45,'45/52',1,0,'nikon',0,1),(53,'Sony',45,'45/53',1,0,'sony',0,0),(59,'Galaxy S7',2,'9/2/59',2,0,'galaxy-s7',0,0),(60,'Galaxy Note 5',2,'9/2/60',2,0,'galaxy-note5',0,0);

/*Table structure for table `cms_category` */

DROP TABLE IF EXISTS `cms_category`;

CREATE TABLE `cms_category` (
  `category_id` int(11) NOT NULL AUTO_INCREMENT,
  `name` varchar(255) COLLATE utf8_unicode_ci DEFAULT NULL,
  `alias` varchar(255) COLLATE utf8_unicode_ci DEFAULT NULL,
  PRIMARY KEY (`category_id`)
) ENGINE=InnoDB AUTO_INCREMENT=5 DEFAULT CHARSET=utf8 COLLATE=utf8_unicode_ci;

/*Data for the table `cms_category` */

insert  into `cms_category`(`category_id`,`name`,`alias`) values (1,'News','news'),(2,'Pages','pages'),(4,'Static Blocks','static-blocks');

/*Table structure for table `cms_content` */

DROP TABLE IF EXISTS `cms_content`;

CREATE TABLE `cms_content` (
  `content_id` int(11) NOT NULL AUTO_INCREMENT,
  `title` varchar(255) COLLATE utf8_unicode_ci DEFAULT NULL,
  `alias` varchar(255) COLLATE utf8_unicode_ci DEFAULT NULL,
  `content` text COLLATE utf8_unicode_ci,
  `category_id` int(11) DEFAULT NULL,
  `thumbnail` varchar(255) COLLATE utf8_unicode_ci DEFAULT NULL,
  `sort_order` int(11) DEFAULT NULL,
  `created_at` datetime DEFAULT NULL,
  `updated_at` datetime DEFAULT NULL,
  `status` tinyint(1) DEFAULT NULL,
  PRIMARY KEY (`content_id`)
) ENGINE=InnoDB AUTO_INCREMENT=14 DEFAULT CHARSET=utf8 COLLATE=utf8_unicode_ci;

/*Data for the table `cms_content` */

insert  into `cms_content`(`content_id`,`title`,`alias`,`content`,`category_id`,`thumbnail`,`sort_order`,`created_at`,`updated_at`,`status`) values (6,'About Us','about-us','<p>Aenean lacinia bibendum nulla sed consectetur. Etiam porta sem malesuada magna mollis euismod. Fusce dapibus, tellus ac cursus commodo, tortor mauris condimentum nibh, ut fermentum massa.</p>\r\n<h3>Sub-heading</h3>\r\n<p>Cum sociis natoque penatibus et magnis dis parturient montes, nascetur ridiculus mus. Aenean lacinia bibendum nulla sed consectetur. Etiam porta sem malesuada magna mollis euismod. Fusce dapibus, tellus ac cursus commodo, tortor mauris condimentum nibh, ut fermentum massa justo sit amet risus.</p>\r\n<ul>\r\n<li>Praesent commodo cursus magna, vel scelerisque nisl consectetur et.</li>\r\n<li>Donec id elit non mi porta gravida at eget metus.</li>\r\n<li>Nulla vitae elit libero, a pharetra augue.</li>\r\n</ul>\r\n<p>Donec ullamcorper nulla non metus auctor fringilla. Nulla vitae elit libero, a pharetra augue.</p>\r\n<ol>\r\n<li>Vestibulum id ligula porta felis euismod semper.</li>\r\n<li>Cum sociis natoque penatibus et magnis dis parturient montes, nascetur ridiculus mus.</li>\r\n<li>Maecenas sed diam eget risus varius blandit sit amet non magna.</li>\r\n</ol>\r\n<p>Cras mattis consectetur purus sit amet fermentum. Sed posuere consectetur est at lobortis.</p>',2,NULL,0,'2014-06-24 21:07:58','2014-06-24 21:07:58',1),(7,'Colleges, seeking revenue, consider beer sales at stadiums','colleges-seeking-revenue-consider-beer-sales-at-stadiums','<p>SMU\'s Rick Hart and Texas A&amp;M\'s Eric Hyman run athletic departments that share a state, once shared a conference and still have enough in common to play each other in multiple sports, including football this season.</p>\r\n<p>But Texas A&amp;M fans who land tickets to the Aggies\' Sept. 20 game at SMU\'s Ford Stadium will have the opportunity to do something that is forbidden in their own stadium: Buy a beer.</p>\r\n<p>After a successful trial run during basketball<!-- pagebreak --> season that netted the athletic department a six-figure windfall over the course of just 12 games, SMU is one of a handful of schools that will begin selling beer and wine in its on-campus stadium.</p>\r\n<p>And with athletic departments getting ready to absorb multimillion-dollar obligations in new player benefits thanks to a wave of litigation and NCAA restructuring, it\'s plausible that others might soon follow suit.</p>\r\n<p>\"It seems like it\'s going that way, and I think you\'ll see more doing it,\" said Virginia Tech athletics director Whit Babcock. \"But it\'s a cultural issue at a place of higher education where there\'s a tradition (of not selling it). I don\'t know that it will be one of the top things on my agenda. But as more people do it &hellip; I\'ll definitely be watching.\"</p>',1,'0012850_lg-nexus-4-e960_300_140625121855.jpeg',1,'2014-06-24 21:34:03','2014-06-25 12:23:18',1),(8,'Sales for Mario Kart 8 Sky-Rocket','sales-for-mario-kart-8-sky-rocket','<p>A crowd favorite amongst video gamers, the 22-year-old&nbsp;<em>Mario Kart</em>&nbsp;franchise has released its latest title&nbsp;<em>Mario Kart 8</em>&nbsp;and its sales have sky-rocketed since being made available for purchase on the Wii U earlier in June. The newest installment is stated to be well on its way to becoming the top-selling console game in Japan, its country of origin.</p>\r\n<div id=\"content\">\r\n<div id=\"post-384389\" class=\"post-384389 post type-post status-publish format-standard has-post-thumbnail hentry category-httpguardianlv-combusiness category-cody-collier category-httpguardianlv-comentertainment category-video-games tag-sales entry single-default\">\r\n<p>The only gaming system&nbsp;<em>Mario Kart 8</em>&nbsp;has been made available for is the Nintendo Wii U.<!-- pagebreak -->This console has had much difficulty when it comes to sales and has faced many slumps since its release in 2012. The&nbsp;<em>Mario</em>&nbsp;brand of video games has proven to be extremely successful over the years ranging as a playable title on all of Nintendo&rsquo;s consoles and hand-held gaming devices. With&nbsp;<em>Mario Kart&nbsp;</em>being a specific fan favorite from the world of Mario, Nintendo seems to be making an attempt to save the dismal sales of the Wii U by releasing&nbsp;<em>Mario Kart 8</em>.</p>\r\n<p>The game, reportedly, sold over 1.2 million copies across the countries of Japan and Europe, as well as the continents of North and South America within the first weekend of its availability. Countries such as the United Kingdom offered a bundle package deal supplying the buyer with a copy of&nbsp;<em>Mario Kart 8</em>&nbsp;alongside each Wii U gaming console. This offer resulted in a 666 percent increase in Wii U sales in the U.K.</p>\r\n<p>This early success and positive reception of the sky-rocketing&nbsp;<em>Mario Kart 8</em>&nbsp;is very promising for the Wii U&rsquo;s unfortunate sales rate. Though the console has sold 6.17 million units to date, it is still short of the benchmark of 9 million they were aiming to sell within the past year. Priced at $299, the console is stated to remain the same price due to the newly released and future Wii U-exclusive titles, like&nbsp;<em>Mario Kart 8</em>and the upcoming&nbsp;<em>Super Smash Bros.</em>, driving in more buyers.</p>\r\n<p>Die-hard fans of the&nbsp;<em>Mario</em>&nbsp;saga will most likely commit to buying&nbsp;<em>Mario Kart 8</em>&nbsp;once the mostly positive reviews of top video game critics and word of mouth begins cycling around the public. The new features included in&nbsp;<em>Mario Kart 8</em>&nbsp;are assets that are sure to entice potential buyers. Players will race as all the familiar characters of Mario&rsquo;s world as well as a few new faces. The new option of anti-gravity racing vehicles will be available for the first time in the saga. New weapons are another addition to the game including a super horn defense that can finally stop racers in first place from being pummeled by the infamous blue-spiked shell.</p>\r\n<p>More Nintendo titles to be released this year include the aforementioned&nbsp;<em>Super Smash Bros.</em>&nbsp;for Wii U. The&nbsp;<em>Smash Bros.</em>&nbsp;series is another franchise that has been consistent at maintaining a top-selling sales record for Nintendo. The title is a platform-fighting style game featuring playable characters expanding from the entire universe of Nintendo. The latest installment is said to include the great many characters that have been playable in the past, but also adds many more that have not been seen in previous titles such as Pac-Man, Palutena and even the lovable little Wii avatars, Miis.</p>\r\n<p>As the sales of&nbsp;<em>Mario Kart 8</em>&nbsp;continue to sky-rocket, Nintendo continues to believe that the Wii U will have its best days ahead of it due to titles like&nbsp;<em>Mario Kart</em>. If sales continue to incline as they are currently, there seems to be a very bright future for Nintendo and the Wii U.</p>\r\n</div>\r\n</div>',1,'0022570_tung-bung-le-hoi-samsung-tai-fpt-shop-mua-galaxy-vi-vu-uu-dai_347_140625121947.jpeg',2,'2014-06-24 21:36:04','2014-06-25 14:32:06',1),(9,'Xplore Technologies announces Bobcat: A rugged 10.1-inch Bay Trail Windows tablet','xplore-technologies-announces-bobcat-a-rugged-101-inch-bay-trail-windows-tablet','<p>Rugged tablet specialist&nbsp;<a href=\"http://www.xploretech.com/\">Xplore Technologies</a>&nbsp;has announced a \'fully rugged\' 10.1-inch Atom-based Windows (7 Pro or 8.1 Pro) tablet called Bobcat. In the world of rugged tablets, 2.2cm (0.86in.) thick and 1.09kg (2.4lbs) counts as \'thin and light\', and indeed if you\'re in one of Xplore\'s target vertical markets, the Bobcat may well seem sleek and portable. However, Panasonic\'s 10.1-inch<a href=\"http://www.zdnet.com/panasonic-toughpad-fz-g1-review-7000014869/\">Toughpad FZ-G1</a>&nbsp;comes in slightly thinner and lighter, at 2.03cm (0.8in.) and 903g (1.99lbs).</p>\r\n<figure><img title=\"xplore-bobcat-main\" src=\"http://cdn-static.zdnet.com/i/r/story/70/00/030866/xplore-bobcat-main-620x366.jpg?hash=Z2Z4LwtjA2&amp;upscale=1\" alt=\"xplore-bobcat-main\" width=\"620\" height=\"366\" /><figcaption>The Xplore Bobcat measures 28.1cm (11.05in.) wide by 18cm (7.07in.) deep by 2.2cm (0.86in.) thick and weighs 1.09kg (2.4lbs). Image: Xplore Technologies</figcaption></figure>\r\n<p>Apart from being chunkier and heavier than your average tablet, rugged devices have several other defining characteristics, including an outdoor-readable touchscreen, usually with the capability to accept stylus and gloved-finger input, plenty of specialist I/O and peripheral options, hot-swap battery capability and a premium price. The Xplore Bobcat, which has&nbsp;<a href=\"http://en.wikipedia.org/wiki/MIL-STD-810\">MIL-STD 810G</a>&nbsp;and<a href=\"http://en.wikipedia.org/wiki/IP65\">IP65</a>&nbsp;certification, is no exception.</p>\r\n<p>The 10.1-inch display is a rugged direct-bonded IPS panel with 500-nit brightness, an 800:1 contrast ratio and a resolution of 1,366 by 768 pixels (155ppi). The anti-reflective screen supports 10-point multitouch, and our review sample came with two styli, both tethered: one is housed in the optional carrying handle and a shorter one clips onto the back of the device.</p>\r\n<figure><img title=\"xplore-bobcat-ports\" src=\"http://cdn-static.zdnet.com/i/r/story/70/00/030866/xplore-bobcat-ports-620x159.jpg?hash=BQt0A2IwZw&amp;upscale=1\" alt=\"xplore-bobcat-ports\" width=\"620\" height=\"159\" /><figcaption>The Bobcat\'s ports and slots on the left-hand side are protected under a lockable hinged cover.</figcaption></figure>\r\n<p>The majority of the ports and slots are on the left-hand side, under a solid lockable cover: there are two full-size USB 3.0 ports, a Micro-SD card slot and a SIM card slot (stacked vertically), a Micro-HDMI port and a headphone jack. On the right side there\'s an \'RS-232-ready\' port under a screwed-down cover plus, under a hinged cover, an RJ-45 Ethernet port and the power input. Also on this side is a volume rocker, the Autorotate on/off button and the power button.</p>\r\n<p>Integrated options are plentiful, including a 1D/2D barcode scanner, a CAC reader, a fingerprint reader and NFC. Mobile LTE broadband is another option, while Bluetooth 4.0, 802.11ac wi-fi and GPS come as standard.</p>\r\n<p>The Xplore Bobcat is built around Intel\'s 1.91GHz quad-core&nbsp;<a href=\"http://ark.intel.com/products/78475/Intel-Atom-Processor-E3845-2M-Cache-1_91-GHz\">Atom E3845</a>&nbsp;(Bay Trail) processor, with 4GB of RAM and a 128GB Toshiba SSD (up to 240GB optional). There are two cameras: a 720p unit at the front and a 5-megapixel flash-equipped device at the back.</p>\r\n<p>The Bobcat\'s standard internal (user-replaceable) battery is rated for up to 8 hours\' usage, rising to 14 hours with the optional hot-swappable second battery that attaches to the back of the tablet.</p>\r\n<p>We mentioned that rugged tablets don\'t come cheap, and starting at $2,199 (about &pound;1,293) the Xplore Bobcat is certainly no casual purchase. But if you\'re in the sort of industry that needs a tough tablet, price will often be less important than durability. If you need an even more bomb-proof Windows tablet, Xplore offers the&nbsp;<a href=\"http://www.zdnet.com/xplore-xc6-rugged-windows-tablets-come-with-industrial-strength-price-tag-7000028737/\">\'ultra-rugged\' XC6 series</a>.</p>',1,NULL,3,'2014-06-24 21:39:16','2014-06-24 21:39:16',1),(10,'Google tests domain registration service. Who\'s your (Go)Daddy?','google-tests-domain-registration-service-whos-your-godaddy','<p>GoDaddy may be the runaway leader in domain name registration, but there\'s a new player it has to watch out for - Google Domains.</p>\r\n<p>Google tacitly announced early on Tuesday that it is inviting an undisclosed number of businesses to jump onboard for the invite-only beta version of its new domain registration service, which the company is promoting as a simple tool for managing addresses on the Web.</p>\r\n<p><!-- pagebreak --></p>\r\n<p>\"We\'re beginning to invite a small number of people to kick the tires on Google Domains, a domain registration service we\'re in the process of building,\"&nbsp;<a href=\"https://plus.google.com/+GoogleBusiness/posts/Dkhw41XJigw\">announced</a>&nbsp;Google on its Google+ Your Business page. \"Businesses will be able to search, find, purchase and transfer the best domain for their business - whether it\'s .com, .biz, .org or any of the wide range of new domains that are being released to the Web.\"</p>\r\n<p>Google established Google Domains after conducting research that shows not even half of all businesses have their own website, which is, of course, unthinkable to Google in this day and age. It makes sense for the company to want to bring the remaining 55% of brick-and-mortar businesses online. The more business websites on the Internet, the more will people turn to Google to search for these businesses. Everybody gets faster, easier access to information and Google has more ways to ramp up its advertising business.</p>',1,'0015042_htc-one_140625121828.jpeg',5,'2014-06-25 10:45:35','2014-06-25 12:18:28',1),(11,'Footer Links','footer-links','<div>\r\n<ul>\r\n<li><a href=\"/page/about-us\">About Us</a></li>\r\n<li><a href=\"/page/customer-service\">Customer Service</a></li>\r\n<li><a href=\"/page/privacy-policy\">Privacy Policy</a></li>\r\n<li><a href=\"/contact\">Contact Us</a></li>\r\n<li class=\" last\"><a title=\"Careers\" href=\"#\">Careers</a></li>\r\n</ul>\r\n<address>&copy; 2014 Goxob Demo Store. All Rights Reserved.</address></div>',4,NULL,0,'2014-06-25 15:13:31','2014-06-25 16:12:47',1),(12,'Privacy Policy','privacy-policy','<p>Aenean lacinia bibendum nulla sed consectetur. Etiam porta sem malesuada magna mollis euismod. Fusce dapibus, tellus ac cursus commodo, tortor mauris condimentum nibh, ut fermentum massa.</p>\r\n<h3>Sub-heading</h3>\r\n<p>Cum sociis natoque penatibus et magnis dis parturient montes, nascetur ridiculus mus. Aenean lacinia bibendum nulla sed consectetur. Etiam porta sem malesuada magna mollis euismod. Fusce dapibus, tellus ac cursus commodo, tortor mauris condimentum nibh, ut fermentum massa justo sit amet risus.</p>\r\n<ul>\r\n<li>Praesent commodo cursus magna, vel scelerisque nisl consectetur et.</li>\r\n<li>Donec id elit non mi porta gravida at eget metus.</li>\r\n<li>Nulla vitae elit libero, a pharetra augue.</li>\r\n</ul>\r\n<p>Donec ullamcorper nulla non metus auctor fringilla. Nulla vitae elit libero, a pharetra augue.</p>\r\n<ol>\r\n<li>Vestibulum id ligula porta felis euismod semper.</li>\r\n<li>Cum sociis natoque penatibus et magnis dis parturient montes, nascetur ridiculus mus.</li>\r\n<li>Maecenas sed diam eget risus varius blandit sit amet non magna.</li>\r\n</ol>\r\n<p>Cras mattis consectetur purus sit amet fermentum. Sed posuere consectetur est at lobortis.</p>',2,NULL,0,'2014-06-25 16:00:28','2014-06-25 16:00:28',1),(13,'Customer Service','customer-service','<p>Aenean lacinia bibendum nulla sed consectetur. Etiam porta sem malesuada magna mollis euismod. Fusce dapibus, tellus ac cursus commodo, tortor mauris condimentum nibh, ut fermentum massa.</p>\r\n<h3>Sub-heading</h3>\r\n<p>Cum sociis natoque penatibus et magnis dis parturient montes, nascetur ridiculus mus. Aenean lacinia bibendum nulla sed consectetur. Etiam porta sem malesuada magna mollis euismod. Fusce dapibus, tellus ac cursus commodo, tortor mauris condimentum nibh, ut fermentum massa justo sit amet risus.</p>\r\n<ul>\r\n<li>Praesent commodo cursus magna, vel scelerisque nisl consectetur et.</li>\r\n<li>Donec id elit non mi porta gravida at eget metus.</li>\r\n<li>Nulla vitae elit libero, a pharetra augue.</li>\r\n</ul>\r\n<p>Donec ullamcorper nulla non metus auctor fringilla. Nulla vitae elit libero, a pharetra augue.</p>\r\n<ol>\r\n<li>Vestibulum id ligula porta felis euismod semper.</li>\r\n<li>Cum sociis natoque penatibus et magnis dis parturient montes, nascetur ridiculus mus.</li>\r\n<li>Maecenas sed diam eget risus varius blandit sit amet non magna.</li>\r\n</ol>\r\n<p>Cras mattis consectetur purus sit amet fermentum. Sed posuere consectetur est at lobortis.</p>',2,NULL,0,'2014-06-25 16:00:54','2014-06-25 16:02:41',1);

/*Table structure for table `coupon` */

DROP TABLE IF EXISTS `coupon`;

CREATE TABLE `coupon` (
  `coupon_id` int(11) NOT NULL AUTO_INCREMENT,
  `name` varchar(128) NOT NULL,
  `code` varchar(10) NOT NULL,
  `type` char(1) NOT NULL,
  `discount` decimal(15,4) NOT NULL,
  `free_shipping` tinyint(1) NOT NULL,
  `total_above` decimal(15,4) NOT NULL,
  `date_start` date NOT NULL DEFAULT '0000-00-00',
  `date_end` date NOT NULL DEFAULT '0000-00-00',
  `uses_total` int(11) NOT NULL,
  `status` tinyint(1) NOT NULL,
  `created_at` datetime NOT NULL,
  `updated_at` datetime DEFAULT NULL,
  PRIMARY KEY (`coupon_id`)
) ENGINE=MyISAM AUTO_INCREMENT=8 DEFAULT CHARSET=utf8;

/*Data for the table `coupon` */

insert  into `coupon`(`coupon_id`,`name`,`code`,`type`,`discount`,`free_shipping`,`total_above`,`date_start`,`date_end`,`uses_total`,`status`,`created_at`,`updated_at`) values (4,'-10% Discount','2222','P','10.0000',0,'0.0000','2011-01-01','2012-01-01',10,1,'2009-01-27 13:55:03','2014-07-18 16:49:19'),(5,'Free Shipping','3333','P','0.0000',1,'100.0000','2009-03-01','2009-08-31',10,1,'2009-03-14 21:13:53',NULL),(6,'-10.00 Discount','1111','F','10.0000',0,'10.0000','1970-11-01','2020-11-01',100000,1,'2009-03-14 21:15:18',NULL),(7,'Test Coupon','12345','F','10.0000',1,'10.0000','2014-07-21','2014-07-25',0,1,'2014-07-20 10:19:45','2014-07-21 09:19:34');

/*Table structure for table `coupon_category` */

DROP TABLE IF EXISTS `coupon_category`;

CREATE TABLE `coupon_category` (
  `coupon_category_id` int(11) NOT NULL AUTO_INCREMENT,
  `coupon_id` int(11) DEFAULT NULL,
  `category_id` int(11) DEFAULT NULL,
  PRIMARY KEY (`coupon_category_id`)
) ENGINE=MyISAM DEFAULT CHARSET=utf8;

/*Data for the table `coupon_category` */

/*Table structure for table `coupon_product` */

DROP TABLE IF EXISTS `coupon_product`;

CREATE TABLE `coupon_product` (
  `coupon_product_id` int(11) NOT NULL AUTO_INCREMENT,
  `coupon_id` int(11) NOT NULL,
  `product_id` int(11) NOT NULL,
  PRIMARY KEY (`coupon_product_id`)
) ENGINE=MyISAM AUTO_INCREMENT=2 DEFAULT CHARSET=utf8;

/*Data for the table `coupon_product` */

insert  into `coupon_product`(`coupon_product_id`,`coupon_id`,`product_id`) values (1,7,16);

/*Table structure for table `customer` */

DROP TABLE IF EXISTS `customer`;

CREATE TABLE `customer` (
  `customer_id` int(10) unsigned NOT NULL AUTO_INCREMENT,
  `first_name` varchar(255) DEFAULT NULL,
  `last_name` varchar(255) DEFAULT NULL,
  `email` varchar(255) DEFAULT NULL,
  `password` varchar(255) DEFAULT NULL,
  `phone` varchar(20) DEFAULT NULL,
  `birthday` date DEFAULT NULL,
  `gender` tinyint(1) DEFAULT NULL,
  `status` tinyint(4) DEFAULT '0',
  `is_subscribed` tinyint(1) DEFAULT '0',
  `created_at` datetime DEFAULT NULL,
  `updated_at` datetime DEFAULT NULL,
  `last_login` datetime DEFAULT NULL,
  `remember_token` varchar(255) DEFAULT NULL,
  PRIMARY KEY (`customer_id`)
) ENGINE=InnoDB AUTO_INCREMENT=25 DEFAULT CHARSET=utf8;

/*Data for the table `customer` */

insert  into `customer`(`customer_id`,`first_name`,`last_name`,`email`,`password`,`phone`,`birthday`,`gender`,`status`,`is_subscribed`,`created_at`,`updated_at`,`last_login`,`remember_token`) values (1,'Doan1','Thuan1','doanvuthuan@gmail.com','$2y$10$DQ0lwPX8FSu5ftxfM4q7geAKg4wNNfNgRc9XXRZFGOSZIZcDXx/Vm','0902727231','1986-02-16',1,1,1,'2014-06-11 18:40:46','2014-07-11 17:36:22','2014-07-11 17:33:06','1BMiLqIZCVprq6IPDCxJ4jZ2VbYQdgsoCY8FWtE066Jf0OHAUfpyxVC2mkNy'),(20,'Doan','Thuan','oldfox1986@gmail.com','$2y$10$n1hKuZADKGuHIGmP9gxPpuoBB9Or4JncvYukpDluE62Oa/Vp7nhSG','0902727231',NULL,NULL,1,0,'2014-07-13 06:50:57','2014-06-11 06:50:57',NULL,NULL);

/*Table structure for table `customer_address` */

DROP TABLE IF EXISTS `customer_address`;

CREATE TABLE `customer_address` (
  `address_id` int(11) NOT NULL AUTO_INCREMENT,
  `first_name` varchar(255) DEFAULT NULL,
  `last_name` varchar(255) DEFAULT NULL,
  `phone` varchar(255) DEFAULT NULL,
  `company` varchar(255) DEFAULT NULL,
  `fax` varchar(255) DEFAULT NULL,
  `address` text,
  `city` varchar(255) DEFAULT NULL,
  `state` varchar(255) DEFAULT NULL,
  `zipcode` varchar(255) DEFAULT NULL,
  `country` varchar(255) DEFAULT NULL,
  `type` int(11) DEFAULT NULL COMMENT 'billing or shipping',
  `customer_id` int(11) DEFAULT NULL,
  `default` tinyint(4) DEFAULT '0',
  PRIMARY KEY (`address_id`),
  KEY `customerIdIndex` (`customer_id`)
) ENGINE=InnoDB AUTO_INCREMENT=95 DEFAULT CHARSET=utf8;

/*Data for the table `customer_address` */

insert  into `customer_address`(`address_id`,`first_name`,`last_name`,`phone`,`company`,`fax`,`address`,`city`,`state`,`zipcode`,`country`,`type`,`customer_id`,`default`) values (1,'Doan','Thuan','0902727231',NULL,NULL,'C118 Nguyễn Văn Quá, Quận 12','HoChiMinh','Oregon','12345',NULL,0,20,0),(2,'Doan','Thuan','0902727231',NULL,NULL,'C118 Nguyễn Văn Quá, Quận 12','HoChiMinh','Oregon','12345',NULL,1,20,0),(3,'Doan','Thuan','0902727231',NULL,NULL,'C118 Nguyễn Văn Quá, Quận 12','HoChiMinh','Oregon','12345',NULL,0,21,0),(4,'Doan','Thuan','0902727231',NULL,NULL,'C118 Nguyễn Văn Quá, Quận 12','HoChiMinh','Oregon','12345',NULL,1,21,0),(5,'Doan','Thuan','0902727231',NULL,NULL,'C118 Nguyễn Văn Quá, Quận 12','HoChiMinh','Oregon','12345',NULL,0,22,0),(6,'Doan','Thuan','0902727231',NULL,NULL,'C118 Nguyễn Văn Quá, Quận 12','HoChiMinh','Oregon','12345',NULL,1,22,0),(10,'Doan4','Thuan','0902727231',NULL,NULL,'C118 Nguyễn Văn Quá, Quận 12','HoChiMinh','Oregon','12345',NULL,1,1,0),(11,'Doan5','Thuan','0902727231',NULL,NULL,'C118 Nguyễn Văn Quá, Quận 12','HoChiMinh','Oregon','12345',NULL,0,1,0),(12,'Doan6','Thuan','0902727231',NULL,NULL,'C118 Nguyễn Văn Quá, Quận 12','HoChiMinh',NULL,NULL,NULL,1,1,0),(13,'Doan7','Thuan','0902727231',NULL,NULL,'C118 Nguyễn Văn Quá, Quận 12','HoChiMinh','Oregon','12345',NULL,0,1,0),(14,'Doan8','Thuan','0902727231',NULL,NULL,'C118 Nguyễn Văn Quá, Quận 12','HoChiMinh',NULL,NULL,NULL,1,1,0),(15,'Doan9','Thuan','',NULL,NULL,'C118 Nguyễn Văn Quá, Quận 12','HoChiMinh','','',NULL,0,1,0),(16,'Doan10','Thuan','0902727231',NULL,NULL,'C118 Nguyễn Văn Quá, Quận 12','HoChiMinh',NULL,NULL,NULL,1,1,0),(17,'Doan11','Thuan','84902727231',NULL,NULL,'C118 Nguyễn Văn Quá, Quận 12','HoChiMinh','Ho Chi Minh City','12345',NULL,0,1,0),(18,'Doan11','Thuan','84902727231',NULL,NULL,'C118 Nguyễn Văn Quá, Quận 12','HoChiMinh','Ho Chi Minh City','12345',NULL,1,1,0),(19,'Doan12','Thuan','84902727231',NULL,NULL,'C118 Nguyễn Văn Quá, Quận 12','HoChiMinh',NULL,NULL,NULL,1,1,0),(20,'Doan5','Thuan','0902727231',NULL,NULL,'C118 Nguyễn Văn Quá, Quận 12','HoChiMinh','Oregon','12345',NULL,0,1,0),(21,'Doan5','Thuan','0902727231',NULL,NULL,'C118 Nguyễn Văn Quá, Quận 12','HoChiMinh','Oregon','12345',NULL,0,1,0),(22,'Doan5','Thuan','0902727231',NULL,NULL,'C118 Nguyễn Văn Quá, Quận 12','HoChiMinh','Oregon','12345',NULL,0,1,0),(23,'Doan5','Thuan','0902727231',NULL,NULL,'C118 Nguyễn Văn Quá, Quận 12','HoChiMinh','Oregon','12345',NULL,0,1,0),(24,'Doan5','Thuan','0902727231',NULL,NULL,'C118 Nguyễn Văn Quá, Quận 12','HoChiMinh','Oregon','12345',NULL,0,1,0),(25,'Doan5','Thuan','0902727231',NULL,NULL,'C118 Nguyễn Văn Quá, Quận 12','HoChiMinh','Oregon','12345',NULL,0,1,0),(26,'Doan5','Thuan','0902727231',NULL,NULL,'C118 Nguyễn Văn Quá, Quận 12','HoChiMinh','Oregon','12345',NULL,0,1,0),(27,'Doan5','Thuan','0902727231',NULL,NULL,'C118 Nguyễn Văn Quá, Quận 12','HoChiMinh','Oregon','12345',NULL,0,1,0),(28,'Doan5','Thuan','0902727231',NULL,NULL,'C118 Nguyễn Văn Quá, Quận 12','HoChiMinh','Oregon','12345',NULL,0,1,0),(29,'Doan5','Thuan','0902727231',NULL,NULL,'C118 Nguyễn Văn Quá, Quận 12','HoChiMinh','Oregon','12345',NULL,0,1,0),(30,'Doan5','Thuan','0902727231',NULL,NULL,'C118 Nguyễn Văn Quá, Quận 12','HoChiMinh','Oregon','12345',NULL,0,1,0),(31,'Doan5','Thuan','0902727231',NULL,NULL,'C118 Nguyễn Văn Quá, Quận 12','HoChiMinh','Oregon','12345',NULL,0,1,0),(32,'Doan5','Thuan','0902727231',NULL,NULL,'C118 Nguyễn Văn Quá, Quận 12','HoChiMinh','Oregon','12345',NULL,0,1,0),(33,'Doan5','Thuan','0902727231',NULL,NULL,'C118 Nguyễn Văn Quá, Quận 12','HoChiMinh','Oregon','12345',NULL,0,1,0),(34,'Doan5','Thuan','0902727231',NULL,NULL,'C118 Nguyễn Văn Quá, Quận 12','HoChiMinh','Oregon','12345',NULL,0,1,0),(35,'Doan5','Thuan','0902727231',NULL,NULL,'C118 Nguyễn Văn Quá, Quận 12','HoChiMinh','Oregon','12345',NULL,0,1,0),(36,'Doan14','Thuan','84902727231',NULL,NULL,'C118 Nguyễn Văn Quá, Quận 12','HoChiMinh','Ho Chi Minh City','12345',NULL,0,1,0),(37,'Doan14','Thuan','84902727231',NULL,NULL,'C118 Nguyễn Văn Quá, Quận 12','HoChiMinh','Ho Chi Minh City','12345',NULL,1,1,0),(38,'Doan','Thuan','84902727231',NULL,NULL,'C118 Nguyễn Văn Quá, Quận 12','HoChiMinh','Ho Chi Minh City','12345',NULL,0,1,0),(39,'Doan15','Thuan','84902727231',NULL,NULL,'C118 Nguyễn Văn Quá, Quận 12','HoChiMinh','Ho Chi Minh City','12345',NULL,1,1,0),(40,'Doan','Thuan','84902727231',NULL,NULL,'C118 Nguyễn Văn Quá, Quận 12','HoChiMinh','Ho Chi Minh City','12345',NULL,0,23,0),(41,'Doan14','Thuan','84902727231',NULL,NULL,'C118 Nguyễn Văn Quá, Quận 12','HoChiMinh','Ho Chi Minh City','12345',NULL,1,23,0),(42,'Doan','Thuan','84902727231',NULL,NULL,'C118 Nguyễn Văn Quá, Quận 12','HoChiMinh','Ho Chi Minh City','12345',NULL,0,24,0),(43,'Doan14','Thuan','84902727231',NULL,NULL,'C118 Nguyễn Văn Quá, Quận 12','HoChiMinh','Ho Chi Minh City','12345',NULL,1,24,0),(44,'Doan','Thuan','84902727231',NULL,NULL,'C118 Nguyễn Văn Quá, Quận 12','HoChiMinh','Ho Chi Minh City','12345',NULL,0,1,0),(45,'Doan','Thuan','84902727231',NULL,NULL,'C118 Nguyễn Văn Quá, Quận 12','HoChiMinh','Ho Chi Minh City','12345',NULL,1,1,0),(46,'Doan','Thuan','84902727231',NULL,NULL,'C118 Nguyễn Văn Quá, Quận 12','HoChiMinh','Ho Chi Minh City','12345',NULL,0,1,0),(47,'Doan','Thuan','84902727231',NULL,NULL,'C118 Nguyễn Văn Quá, Quận 12','HoChiMinh','Ho Chi Minh City','12345',NULL,1,1,0),(48,'Doan','Thuan','84902727231',NULL,NULL,'C118 Nguyễn Văn Quá, Quận 12','HoChiMinh','Ho Chi Minh City','12345',NULL,0,1,0),(49,'Doan','Thuan','84902727231',NULL,NULL,'C118 Nguyễn Văn Quá, Quận 12','HoChiMinh','Ho Chi Minh City','12345',NULL,1,1,0),(50,'Doan','Thuan','84902727231',NULL,NULL,'C118 Nguyễn Văn Quá, Quận 12','HoChiMinh','Ho Chi Minh City','12345',NULL,0,1,0),(51,'Doan','Thuan','84902727231',NULL,NULL,'C118 Nguyễn Văn Quá, Quận 12','HoChiMinh','Ho Chi Minh City','12345',NULL,1,1,0),(52,'Doan','Thuan','84902727231',NULL,NULL,'C118 Nguyễn Văn Quá, Quận 12','HoChiMinh','Ho Chi Minh City','12345',NULL,0,1,0),(53,'Doan','Thuan','84902727231',NULL,NULL,'C118 Nguyễn Văn Quá, Quận 12','HoChiMinh','Ho Chi Minh City','12345',NULL,1,1,0),(54,'Doan','Thuan','84902727231',NULL,NULL,'C118 Nguyễn Văn Quá, Quận 12','HoChiMinh','Ho Chi Minh City','12345',NULL,0,1,0),(55,'Doan','Thuan','84902727231',NULL,NULL,'C118 Nguyễn Văn Quá, Quận 12','HoChiMinh','Ho Chi Minh City','12345',NULL,1,1,0),(56,'Doan','Thuan','84902727231',NULL,NULL,'C118 Nguyễn Văn Quá, Quận 12','HoChiMinh','Ho Chi Minh City','12345',NULL,0,1,0),(57,'Doan','Thuan','84902727231',NULL,NULL,'C118 Nguyễn Văn Quá, Quận 12','HoChiMinh','Ho Chi Minh City','12345',NULL,1,1,0),(58,'Doan','Thuan','84902727231',NULL,NULL,'C118 Nguyễn Văn Quá, Quận 12','HoChiMinh','Ho Chi Minh City','12345',NULL,0,1,0),(59,'Doan','Thuan','84902727231',NULL,NULL,'C118 Nguyễn Văn Quá, Quận 12','HoChiMinh','Ho Chi Minh City','12345',NULL,1,1,0),(60,'Doan','Thuan','84902727231',NULL,NULL,'C118 Nguyễn Văn Quá, Quận 12','HoChiMinh','Ho Chi Minh City','12345',NULL,0,1,0),(61,'Doan','Thuan','84902727231',NULL,NULL,'C118 Nguyễn Văn Quá, Quận 12','HoChiMinh','Ho Chi Minh City','12345',NULL,1,1,0),(62,'Doan','Thuan','84902727231',NULL,NULL,'C118 Nguyễn Văn Quá, Quận 12','HoChiMinh','Ho Chi Minh City','12345',NULL,0,1,0),(63,'Doan','Thuan','84902727231',NULL,NULL,'C118 Nguyễn Văn Quá, Quận 12','HoChiMinh','Ho Chi Minh City','12345',NULL,1,1,0),(64,'Doan','Thuan','84902727231',NULL,NULL,'C118 Nguyễn Văn Quá, Quận 12','HoChiMinh','Ho Chi Minh City','12345',NULL,0,1,0),(65,'Doan','Thuan','84902727231',NULL,NULL,'C118 Nguyễn Văn Quá, Quận 12','HoChiMinh','Ho Chi Minh City','12345',NULL,1,1,0),(66,'Doan1','Thuan1','84902727231',NULL,NULL,'C118 Nguyễn Văn Quá, Quận 12','HoChiMinh','Ho Chi Minh City','12345',NULL,0,1,0),(67,'Doan1','Thuan1','84902727231',NULL,NULL,'C118 Nguyễn Văn Quá, Quận 12','HoChiMinh','Ho Chi Minh City','12345',NULL,1,1,0),(68,'Doan','Thuan','84902727231',NULL,NULL,'C118 Nguyễn Văn Quá, Quận 12','HoChiMinh','Ho Chi Minh City','12345',NULL,0,1,0),(69,'Doan','Thuan','84902727231',NULL,NULL,'C118 Nguyễn Văn Quá, Quận 12','HoChiMinh','Ho Chi Minh City','12345',NULL,1,1,0),(70,'Doan','Thuan','84902727231',NULL,NULL,'C118 Nguyễn Văn Quá, Quận 12','HoChiMinh','Ho Chi Minh City','12345',NULL,0,1,0),(71,'Doan','Thuan','84902727231',NULL,NULL,'C118 Nguyễn Văn Quá, Quận 12','HoChiMinh','Ho Chi Minh City','12345',NULL,1,1,0),(72,'Doan','Thuan','84902727231',NULL,NULL,'C118 Nguyễn Văn Quá, Quận 12','HoChiMinh','Ho Chi Minh City','12345',NULL,0,1,0),(73,'Doan','Thuan','84902727231',NULL,NULL,'C118 Nguyễn Văn Quá, Quận 12','HoChiMinh','Ho Chi Minh City','12345',NULL,1,1,0),(74,'Doan','Thuan','84902727231',NULL,NULL,'C118 Nguyễn Văn Quá, Quận 12','HoChiMinh','Ho Chi Minh City','12345',NULL,0,1,0),(75,'Doan','Thuan','84902727231',NULL,NULL,'C118 Nguyễn Văn Quá, Quận 12','HoChiMinh','Ho Chi Minh City','12345',NULL,1,1,0),(76,'Doan','Thuan','84902727231',NULL,NULL,'C118 Nguyễn Văn Quá, Quận 12','HoChiMinh','Ho Chi Minh City','12345',NULL,0,1,0),(77,'Doan','Thuan','84902727231',NULL,NULL,'C118 Nguyễn Văn Quá, Quận 12','HoChiMinh','Ho Chi Minh City','12345',NULL,1,1,0),(78,'Doan15','Thuan','84902727231',NULL,NULL,'C118 Nguyễn Văn Quá, Quận 12','HoChiMinh','Ho Chi Minh City','12345',NULL,0,1,0),(79,'Doan17','Thuan','84902727231',NULL,NULL,'C118 Nguyễn Văn Quá, Quận 12','HoChiMinh','Ho Chi Minh City','12345',NULL,0,1,0),(80,'Doan18','Thuan','84902727231',NULL,NULL,'C118 Nguyễn Văn Quá, Quận 12','HoChiMinh','Ho Chi Minh City','12345',NULL,0,1,0),(81,'Doan','Thuan','84902727231',NULL,NULL,'C118 Nguyễn Văn Quá, Quận 12','HoChiMinh','Ho Chi Minh City','12345',NULL,0,1,0),(82,'Doan','Thuan','84902727231',NULL,NULL,'C118 Nguyễn Văn Quá, Quận 12','HoChiMinh','Ho Chi Minh City','12345',NULL,1,1,0),(83,'Doan','Thuan','84902727231',NULL,NULL,'C118 Nguyễn Văn Quá, Quận 12','HoChiMinh','Ho Chi Minh City','12345',NULL,0,1,0),(84,'Doan','Thuan','84902727231',NULL,NULL,'C118 Nguyễn Văn Quá, Quận 12','HoChiMinh','Ho Chi Minh City','12345',NULL,1,1,0),(85,'Doan','Thuan','84902727231',NULL,NULL,'C118 Nguyễn Văn Quá, Quận 12','HoChiMinh','Ho Chi Minh City','12345',NULL,0,1,0),(86,'Doan','Thuan','84902727231',NULL,NULL,'C118 Nguyễn Văn Quá, Quận 12','HoChiMinh','Ho Chi Minh City','12345',NULL,1,1,0),(87,'Doan','Thuan','84902727231',NULL,NULL,'C118 Nguyễn Văn Quá, Quận 12','HoChiMinh','Ho Chi Minh City','12345',NULL,0,1,0),(88,'Doan','Thuan','84902727231',NULL,NULL,'C118 Nguyễn Văn Quá, Quận 12','HoChiMinh','Ho Chi Minh City','12345',NULL,1,1,0),(89,'Doan','Thuan','84902727231',NULL,NULL,'C118 Nguyễn Văn Quá, Quận 12','HoChiMinh','Ho Chi Minh City','12345',NULL,0,1,0),(90,'Old','Fox','5037644123',NULL,NULL,'2120 sw jefferson st','Portland','Oregon','97201',NULL,1,1,0),(91,'Doan','Thuan','84902727231',NULL,NULL,'C118 Nguyễn Văn Quá, Quận 12','HoChiMinh','Ho Chi Minh City','12345',NULL,0,1,0),(92,'Old','Fox','5037644123',NULL,NULL,'2120 sw jefferson st','Portland','Oregon','97201',NULL,1,1,0),(93,'Doan','Thuan','84902727231',NULL,NULL,'C118 Nguyễn Văn Quá, Quận 12','HoChiMinh','Ho Chi Minh City','12345',NULL,0,1,0),(94,'Doan','Thuan','84902727231',NULL,NULL,'C118 Nguyễn Văn Quá, Quận 12','HoChiMinh','Ho Chi Minh City','12345',NULL,1,1,0);

/*Table structure for table `email` */

DROP TABLE IF EXISTS `email`;

CREATE TABLE `email` (
  `id` int(11) NOT NULL AUTO_INCREMENT,
  `name` varchar(255) COLLATE utf8_unicode_ci DEFAULT NULL,
  `content` text COLLATE utf8_unicode_ci,
  PRIMARY KEY (`id`)
) ENGINE=InnoDB AUTO_INCREMENT=6 DEFAULT CHARSET=utf8 COLLATE=utf8_unicode_ci;

/*Data for the table `email` */

insert  into `email`(`id`,`name`,`content`) values (1,'Liên hệ','<p>Chào quản trị viên</p>\r\n<p>Bạn nhận được liên hệ từ:</p>\r\n<p>Tên: <strong>{NAME}</strong> <br /> Email: <strong>{EMAIL}</strong> <br />Điện Thoại: <strong>{PHONE}</strong> <br /> Nội dung:<br /> {CONTENT}</p>\r\n<p>Thân,<br /> {SITE_NAME}<br /> <a href=\"{SITE_URL}\">{SITE_URL}</a></p>'),(3,'Xác nhận đổi mật khẩu','<p>Đây là yêu cầu đổi mật khẩu từ {SITE_NAME}</p>\r\n<p>Nếu đây không phải là yêu cầu của bạn, chỉ cần bỏ qua email này.<br />Để đổi mật khẩu, nhấp chuột vào liên kết bên dưới.<br /> {RESET_URL}</p>\r\n<p>Thân,<br /> {SITE_NAME}<br /> <a href=\"{SITE_URL}\">{SITE_URL}</a></p>'),(4,'Mật khẩu mới','<p>Chào {USER_NAME}</p>\r\n<p>Mật khẩu của bạn đã được thay đổi.</p>\r\n<p>Mật khẩu mới là: <strong>{NEW_PASSWORD}</strong></p>\r\n<p>Thân,<br /> {SITE_NAME}<br /> <a href=\"{SITE_URL}\">{SITE_URL}</a></p>'),(5,'Xác nhận đơn hàng','<p>Chào {USER_NAME}</p>\r\n<p>Cám ơn đơn hàng của bạn tại {SITE_NAME}. Đơn hàng của bạn đang chờ để được xử lý.</p>\r\n<p>{DATA_EMAIL}</p>\r\n<p><span style=\"line-height: 1.3em;\">Thân,</span></p>\r\n<p>{SITE_NAME}<br /><a href=\"{SITE_URL}\">{SITE_URL}</a></p>');

/*Table structure for table `locale_currency` */

DROP TABLE IF EXISTS `locale_currency`;

CREATE TABLE `locale_currency` (
  `currency_id` int(11) NOT NULL AUTO_INCREMENT,
  `title` varchar(32) NOT NULL,
  `code` varchar(3) NOT NULL,
  `symbol_left` varchar(12) NOT NULL,
  `symbol_right` varchar(12) NOT NULL,
  `decimal_place` char(1) NOT NULL,
  `value` float(15,8) NOT NULL,
  `status` tinyint(1) NOT NULL,
  `created_at` datetime NOT NULL,
  `updated_at` datetime DEFAULT NULL,
  `default` tinyint(1) DEFAULT '0',
  PRIMARY KEY (`currency_id`)
) ENGINE=MyISAM AUTO_INCREMENT=5 DEFAULT CHARSET=utf8;

/*Data for the table `locale_currency` */

insert  into `locale_currency`(`currency_id`,`title`,`code`,`symbol_left`,`symbol_right`,`decimal_place`,`value`,`status`,`created_at`,`updated_at`,`default`) values (1,'Pound Sterling','GBP','£','','2',0.58260000,1,'2014-07-04 10:24:34','2014-07-21 10:40:29',0),(2,'US Dollar','USD','$','','2',1.00000000,1,'2014-07-04 10:24:34','2014-07-21 10:40:29',1),(3,'Euro','EUR','','€','2',0.73479998,1,'2014-07-04 10:24:34','2014-07-21 10:40:29',0),(4,'Vietnam Dong','VND','','đ','0',21000.00000000,1,'2014-07-04 11:39:42','2014-07-21 10:40:29',0);

/*Table structure for table `migrations` */

DROP TABLE IF EXISTS `migrations`;

CREATE TABLE `migrations` (
  `migration` varchar(255) COLLATE utf8_unicode_ci NOT NULL,
  `batch` int(11) NOT NULL
) ENGINE=InnoDB DEFAULT CHARSET=utf8 COLLATE=utf8_unicode_ci;

/*Data for the table `migrations` */

insert  into `migrations`(`migration`,`batch`) values ('2014_06_12_100327_create_password_reminders_table',1);

/*Table structure for table `order` */

DROP TABLE IF EXISTS `order`;

CREATE TABLE `order` (
  `order_id` int(11) NOT NULL AUTO_INCREMENT,
  `created_at` datetime DEFAULT NULL,
  `updated_at` datetime DEFAULT NULL,
  `amount` decimal(15,4) DEFAULT '0.0000',
  `status` int(11) DEFAULT NULL,
  `customer_id` int(11) DEFAULT '0',
  `customer_email` varchar(255) DEFAULT NULL,
  `customer_phone` varchar(20) DEFAULT NULL,
  `payment_method` int(11) DEFAULT NULL,
  `shipping_method` int(11) DEFAULT NULL,
  `shipping_price` float DEFAULT NULL,
  `tax_amount` float DEFAULT NULL,
  `promotion_id` int(11) DEFAULT NULL,
  `note` text,
  PRIMARY KEY (`order_id`),
  KEY `promotion_id_idx` (`promotion_id`),
  KEY `customer_id_idx` (`customer_id`)
) ENGINE=InnoDB AUTO_INCREMENT=97 DEFAULT CHARSET=utf8;

/*Data for the table `order` */

insert  into `order`(`order_id`,`created_at`,`updated_at`,`amount`,`status`,`customer_id`,`customer_email`,`customer_phone`,`payment_method`,`shipping_method`,`shipping_price`,`tax_amount`,`promotion_id`,`note`) values (1,'2014-07-14 09:17:29','2014-06-18 15:23:43','150.0000',1,0,'doanvuthuan@gmail.com','0902727231',1,NULL,NULL,NULL,NULL,NULL),(24,'2014-06-19 21:09:53','2014-06-19 21:09:53','600.0000',1,1,'doanvuthuan@gmail.com','0902727231',1,NULL,NULL,NULL,NULL,NULL),(25,'2014-06-19 21:20:11','2014-06-19 21:20:11','600.0000',1,1,'doanvuthuan@gmail.com','0902727231',1,NULL,NULL,NULL,NULL,NULL),(26,'2014-06-19 21:23:16','2014-06-19 21:23:16','600.0000',1,1,'doanvuthuan@gmail.com','0902727231',1,NULL,NULL,NULL,NULL,NULL),(27,'2014-06-19 21:34:53','2014-06-19 21:34:53','600.0000',1,1,'doanvuthuan@gmail.com','0902727231',1,NULL,NULL,NULL,NULL,NULL),(28,'2014-06-19 21:41:11','2014-06-19 21:41:11','600.0000',1,1,'doanvuthuan@gmail.com','0902727231',1,NULL,NULL,NULL,NULL,NULL),(29,'2014-06-19 21:41:20','2014-06-19 21:41:21','600.0000',1,1,'doanvuthuan@gmail.com','0902727231',1,NULL,NULL,NULL,NULL,NULL),(30,'2014-06-19 21:41:36','2014-06-19 21:41:36','600.0000',1,1,'doanvuthuan@gmail.com','0902727231',1,NULL,NULL,NULL,NULL,NULL),(31,'2014-06-19 21:42:22','2014-06-19 21:42:22','600.0000',5,1,'doanvuthuan@gmail.com','0902727231',1,NULL,NULL,NULL,NULL,NULL),(32,'2014-06-19 21:43:45','2014-06-19 21:43:45','600.0000',5,1,'doanvuthuan@gmail.com','0902727231',1,NULL,NULL,NULL,NULL,NULL),(33,'2014-06-19 21:44:43','2014-06-19 21:44:43','600.0000',1,1,'doanvuthuan@gmail.com','0902727231',1,NULL,NULL,NULL,NULL,NULL),(34,'2014-06-19 21:45:42','2014-06-19 21:45:42','600.0000',5,1,'doanvuthuan@gmail.com','0902727231',1,NULL,NULL,NULL,NULL,NULL),(35,'2014-06-19 21:48:14','2014-06-19 21:48:14','600.0000',5,1,'doanvuthuan@gmail.com','0902727231',1,NULL,NULL,NULL,NULL,NULL),(36,'2014-06-19 21:50:51','2014-06-19 21:50:51','600.0000',1,1,'doanvuthuan@gmail.com','0902727231',1,NULL,NULL,NULL,NULL,NULL),(37,'2014-06-19 21:52:01','2014-06-19 21:52:01','150.0000',5,1,'doanvuthuan@gmail.com','0902727231',1,NULL,NULL,NULL,NULL,NULL),(38,'2014-06-19 21:54:10','2014-06-19 21:54:10','150.0000',5,1,'doanvuthuan@gmail.com','0902727231',1,NULL,NULL,NULL,NULL,NULL),(39,'2014-06-19 21:55:54','2014-06-19 21:55:54','150.0000',5,1,'doanvuthuan@gmail.com','0902727231',1,NULL,NULL,NULL,NULL,NULL),(40,'2014-06-19 21:57:18','2014-06-19 21:57:18','600.0000',5,1,'doanvuthuan@gmail.com','0902727231',1,NULL,NULL,NULL,NULL,NULL),(41,'2014-06-19 21:59:14','2014-06-19 21:59:15','600.0000',5,1,'doanvuthuan@gmail.com','0902727231',1,NULL,NULL,NULL,NULL,NULL),(42,'2014-06-19 22:00:35','2014-06-19 22:00:35','150.0000',5,1,'doanvuthuan@gmail.com','0902727231',1,NULL,NULL,NULL,NULL,NULL),(43,'2014-06-19 22:01:27','2014-06-19 22:01:27','150.0000',5,1,'doanvuthuan@gmail.com','0902727231',1,NULL,NULL,NULL,NULL,NULL),(44,'2014-06-19 22:01:49','2014-06-19 22:01:49','150.0000',5,1,'doanvuthuan@gmail.com','0902727231',1,NULL,NULL,NULL,NULL,NULL),(45,'2014-06-19 22:02:01','2014-06-19 22:02:01','150.0000',5,1,'doanvuthuan@gmail.com','0902727231',1,NULL,NULL,NULL,NULL,NULL),(46,'2014-06-19 22:02:44','2014-06-19 22:02:44','600.0000',5,1,'doanvuthuan@gmail.com','0902727231',1,NULL,NULL,NULL,NULL,NULL),(47,'2014-06-19 22:03:13','2014-06-19 22:03:13','600.0000',5,1,'doanvuthuan@gmail.com','0902727231',1,NULL,NULL,NULL,NULL,NULL),(48,'2014-06-19 22:04:30','2014-06-19 22:04:30','600.0000',5,1,'doanvuthuan@gmail.com','0902727231',1,NULL,NULL,NULL,NULL,NULL),(49,'2014-06-19 22:04:40','2014-06-19 22:04:40','600.0000',5,1,'doanvuthuan@gmail.com','0902727231',1,NULL,NULL,NULL,NULL,NULL),(50,'2014-06-20 10:24:26','2014-06-20 10:24:26','600.0000',5,1,'doanvuthuan@gmail.com','0902727231',1,NULL,NULL,NULL,NULL,NULL),(51,'2014-06-20 10:47:54','2014-06-20 10:47:54','600.0000',5,1,'doanvuthuan@gmail.com','0902727231',1,NULL,NULL,NULL,NULL,NULL),(52,'2014-06-20 10:49:31','2014-06-20 10:49:31','600.0000',5,1,'doanvuthuan@gmail.com','0902727231',1,NULL,NULL,NULL,NULL,NULL),(53,'2014-06-20 10:51:06','2014-06-20 10:51:06','600.0000',5,1,'doanvuthuan@gmail.com','0902727231',1,NULL,NULL,NULL,NULL,NULL),(54,'2014-06-20 10:54:46','2014-06-20 10:54:46','150.0000',5,1,'doanvuthuan@gmail.com','0902727231',1,NULL,NULL,NULL,NULL,NULL),(55,'2014-06-20 10:57:02','2014-06-20 10:57:02','150.0000',5,1,'doanvuthuan@gmail.com','0902727231',1,NULL,NULL,NULL,NULL,NULL),(56,'2014-06-20 12:03:59','2014-06-20 12:03:59','150.0000',5,1,'doanvuthuan@gmail.com','0902727231',1,NULL,NULL,NULL,NULL,NULL),(57,'2014-06-20 14:28:33','2014-06-20 14:28:33','150.0000',5,1,'doanvuthuan@gmail.com','0902727231',1,NULL,NULL,NULL,NULL,NULL),(58,'2014-06-20 16:15:29','2014-06-20 16:15:29','150.0000',5,1,'doanvuthuan@gmail.com','0902727231',1,NULL,NULL,NULL,NULL,NULL),(59,'2014-06-20 18:39:35','2014-06-20 18:39:35','150.0000',5,23,'doanvuthuan14@gmail.com','84902727231',1,NULL,NULL,NULL,NULL,NULL),(60,'2014-06-20 18:40:46','2014-06-20 18:40:46','150.0000',5,24,'doanvuthuan14@gmail.com','84902727231',1,NULL,NULL,NULL,NULL,NULL),(61,'2014-07-03 18:13:13','2014-07-03 18:13:19','600.0000',4,0,'doanvuthuan@gmail.com','84902727231',2,NULL,NULL,NULL,NULL,NULL),(62,'2014-07-03 18:13:37','2014-07-03 18:13:40','600.0000',4,0,'doanvuthuan@gmail.com','84902727231',2,NULL,NULL,NULL,NULL,NULL),(63,'2014-07-03 20:57:47','2014-07-03 20:57:47','150.0000',4,0,'doanvuthuan@gmail.com','84902727231',2,NULL,NULL,NULL,NULL,NULL),(64,'2014-07-03 21:16:48','2014-07-03 21:16:48','150.0000',4,0,'doanvuthuan@gmail.com','84902727231',2,NULL,NULL,NULL,NULL,NULL);

/*Table structure for table `order_address` */

DROP TABLE IF EXISTS `order_address`;

CREATE TABLE `order_address` (
  `address_id` int(11) NOT NULL AUTO_INCREMENT,
  `first_name` varchar(255) DEFAULT NULL,
  `last_name` varchar(255) DEFAULT NULL,
  `phone` varchar(255) DEFAULT NULL,
  `company` varchar(255) DEFAULT NULL,
  `fax` varchar(255) DEFAULT NULL,
  `address` text,
  `city` varchar(255) DEFAULT NULL,
  `state` varchar(255) DEFAULT NULL,
  `zipcode` varchar(255) DEFAULT NULL,
  `country` varchar(255) DEFAULT NULL,
  `type` int(11) DEFAULT NULL COMMENT 'billing or shipping',
  `order_id` int(11) DEFAULT NULL,
  PRIMARY KEY (`address_id`),
  KEY `customerIdIndex` (`order_id`)
) ENGINE=InnoDB AUTO_INCREMENT=161 DEFAULT CHARSET=utf8;

/*Data for the table `order_address` */

insert  into `order_address`(`address_id`,`first_name`,`last_name`,`phone`,`company`,`fax`,`address`,`city`,`state`,`zipcode`,`country`,`type`,`order_id`) values (1,'Doan','Thuan','0902727231',NULL,NULL,'C118 Nguyễn Văn Quá, Quận 12','HoChiMinh','Oregon','12345',NULL,0,9),(2,'Doan','Thuan','0902727231',NULL,NULL,'C118 Nguyễn Văn Quá, Quận 12','HoChiMinh','Oregon','12345',NULL,1,9),(3,'Doan','Thuan','0902727231',NULL,NULL,'C118 Nguyễn Văn Quá, Quận 12','HoChiMinh','Oregon','12345',NULL,0,10),(4,'Doan','Thuan','0902727231',NULL,NULL,'C118 Nguyễn Văn Quá, Quận 12','HoChiMinh',NULL,NULL,NULL,1,10),(5,'Doan','Thuan','0902727231',NULL,NULL,'C118 Nguyễn Văn Quá, Quận 12','HoChiMinh','Oregon','12345',NULL,0,11),(6,'Doan','Thuan','0902727231',NULL,NULL,'C118 Nguyễn Văn Quá, Quận 12','HoChiMinh',NULL,NULL,NULL,1,11),(7,'Doan','Thuan','',NULL,NULL,'C118 Nguyễn Văn Quá, Quận 12','HoChiMinh','','',NULL,0,12),(8,'Doan','Thuan','0902727231',NULL,NULL,'C118 Nguyễn Văn Quá, Quận 12','HoChiMinh',NULL,NULL,NULL,1,12),(9,'Doan','Thuan','',NULL,NULL,'C118 Nguyễn Văn Quá, Quận 12','HoChiMinh','','',NULL,0,13),(10,'Doan','Thuan','0902727231',NULL,NULL,'C118 Nguyễn Văn Quá, Quận 12','HoChiMinh',NULL,NULL,NULL,1,13),(11,'Doan7','Thuan','0902727231',NULL,NULL,'C118 Nguyễn Văn Quá, Quận 12','HoChiMinh','Oregon','12345',NULL,0,14),(12,'Doan7','Thuan','0902727231',NULL,NULL,'C118 Nguyễn Văn Quá, Quận 12','HoChiMinh','Oregon','12345',NULL,0,14),(13,'Doan5','Thuan','0902727231',NULL,NULL,'C118 Nguyễn Văn Quá, Quận 12','HoChiMinh','Oregon','12345',NULL,0,15),(14,'Doan5','Thuan','0902727231',NULL,NULL,'C118 Nguyễn Văn Quá, Quận 12','HoChiMinh','Oregon','12345',NULL,0,15),(15,'Doan5','Thuan','0902727231',NULL,NULL,'C118 Nguyễn Văn Quá, Quận 12','HoChiMinh','Oregon','12345',NULL,0,16),(16,'Doan5','Thuan','0902727231',NULL,NULL,'C118 Nguyễn Văn Quá, Quận 12','HoChiMinh','Oregon','12345',NULL,0,16),(17,'Doan5','Thuan','0902727231',NULL,NULL,'C118 Nguyễn Văn Quá, Quận 12','HoChiMinh','Oregon','12345',NULL,0,17),(18,'Doan5','Thuan','0902727231',NULL,NULL,'C118 Nguyễn Văn Quá, Quận 12','HoChiMinh','Oregon','12345',NULL,0,17),(19,'Doan5','Thuan','0902727231',NULL,NULL,'C118 Nguyễn Văn Quá, Quận 12','HoChiMinh','Oregon','12345',NULL,0,18),(20,'Doan5','Thuan','0902727231',NULL,NULL,'C118 Nguyễn Văn Quá, Quận 12','HoChiMinh','Oregon','12345',NULL,0,18),(21,'Doan11','Thuan','84902727231',NULL,NULL,'C118 Nguyễn Văn Quá, Quận 12','HoChiMinh','Ho Chi Minh City','12345',NULL,0,19),(22,'Doan11','Thuan','84902727231',NULL,NULL,'C118 Nguyễn Văn Quá, Quận 12','HoChiMinh','Ho Chi Minh City','12345',NULL,1,19),(23,'Doan5','Thuan','0902727231',NULL,NULL,'C118 Nguyễn Văn Quá, Quận 12','HoChiMinh','Oregon','12345',NULL,0,20),(24,'Doan5','Thuan','0902727231',NULL,NULL,'C118 Nguyễn Văn Quá, Quận 12','HoChiMinh','Oregon','12345',NULL,0,20),(25,'Doan5','Thuan','0902727231',NULL,NULL,'C118 Nguyễn Văn Quá, Quận 12','HoChiMinh','Oregon','12345',NULL,0,21),(26,'Doan5','Thuan','0902727231',NULL,NULL,'C118 Nguyễn Văn Quá, Quận 12','HoChiMinh','Oregon','12345',NULL,0,21),(27,'Doan11','Thuan','84902727231',NULL,NULL,'C118 Nguyễn Văn Quá, Quận 12','HoChiMinh','Ho Chi Minh City','12345',NULL,0,22),(28,'Doan10','Thuan','0902727231',NULL,NULL,'C118 Nguyễn Văn Quá, Quận 12','HoChiMinh',NULL,NULL,NULL,1,22),(29,'Doan11','Thuan','84902727231',NULL,NULL,'C118 Nguyễn Văn Quá, Quận 12','HoChiMinh','Ho Chi Minh City','12345',NULL,0,23),(30,'Doan12','Thuan','84902727231',NULL,NULL,'C118 Nguyễn Văn Quá, Quận 12','HoChiMinh',NULL,NULL,NULL,1,23),(31,'Doan5','Thuan','0902727231',NULL,NULL,'C118 Nguyễn Văn Quá, Quận 12','HoChiMinh','Oregon','12345',NULL,0,24),(32,'Doan5','Thuan','0902727231',NULL,NULL,'C118 Nguyễn Văn Quá, Quận 12','HoChiMinh','Oregon','12345',NULL,0,24),(33,'Doan5','Thuan','0902727231',NULL,NULL,'C118 Nguyễn Văn Quá, Quận 12','HoChiMinh','Oregon','12345',NULL,0,25),(34,'Doan5','Thuan','0902727231',NULL,NULL,'C118 Nguyễn Văn Quá, Quận 12','HoChiMinh','Oregon','12345',NULL,0,25),(35,'Doan5','Thuan','0902727231',NULL,NULL,'C118 Nguyễn Văn Quá, Quận 12','HoChiMinh','Oregon','12345',NULL,0,26),(36,'Doan5','Thuan','0902727231',NULL,NULL,'C118 Nguyễn Văn Quá, Quận 12','HoChiMinh','Oregon','12345',NULL,0,26),(37,'Doan5','Thuan','0902727231',NULL,NULL,'C118 Nguyễn Văn Quá, Quận 12','HoChiMinh','Oregon','12345',NULL,0,27),(38,'Doan5','Thuan','0902727231',NULL,NULL,'C118 Nguyễn Văn Quá, Quận 12','HoChiMinh','Oregon','12345',NULL,0,27),(39,'Doan5','Thuan','0902727231',NULL,NULL,'C118 Nguyễn Văn Quá, Quận 12','HoChiMinh','Oregon','12345',NULL,0,28),(40,'Doan5','Thuan','0902727231',NULL,NULL,'C118 Nguyễn Văn Quá, Quận 12','HoChiMinh','Oregon','12345',NULL,0,28),(41,'Doan5','Thuan','0902727231',NULL,NULL,'C118 Nguyễn Văn Quá, Quận 12','HoChiMinh','Oregon','12345',NULL,0,29),(42,'Doan5','Thuan','0902727231',NULL,NULL,'C118 Nguyễn Văn Quá, Quận 12','HoChiMinh','Oregon','12345',NULL,0,29),(43,'Doan5','Thuan','0902727231',NULL,NULL,'C118 Nguyễn Văn Quá, Quận 12','HoChiMinh','Oregon','12345',NULL,0,30),(44,'Doan5','Thuan','0902727231',NULL,NULL,'C118 Nguyễn Văn Quá, Quận 12','HoChiMinh','Oregon','12345',NULL,0,30),(45,'Doan5','Thuan','0902727231',NULL,NULL,'C118 Nguyễn Văn Quá, Quận 12','HoChiMinh','Oregon','12345',NULL,0,31),(46,'Doan5','Thuan','0902727231',NULL,NULL,'C118 Nguyễn Văn Quá, Quận 12','HoChiMinh','Oregon','12345',NULL,0,31),(47,'Doan5','Thuan','0902727231',NULL,NULL,'C118 Nguyễn Văn Quá, Quận 12','HoChiMinh','Oregon','12345',NULL,0,32),(48,'Doan5','Thuan','0902727231',NULL,NULL,'C118 Nguyễn Văn Quá, Quận 12','HoChiMinh','Oregon','12345',NULL,0,32),(49,'Doan5','Thuan','0902727231',NULL,NULL,'C118 Nguyễn Văn Quá, Quận 12','HoChiMinh','Oregon','12345',NULL,0,33),(50,'Doan5','Thuan','0902727231',NULL,NULL,'C118 Nguyễn Văn Quá, Quận 12','HoChiMinh','Oregon','12345',NULL,0,33),(51,'Doan5','Thuan','0902727231',NULL,NULL,'C118 Nguyễn Văn Quá, Quận 12','HoChiMinh','Oregon','12345',NULL,0,34),(52,'Doan5','Thuan','0902727231',NULL,NULL,'C118 Nguyễn Văn Quá, Quận 12','HoChiMinh','Oregon','12345',NULL,0,34),(53,'Doan5','Thuan','0902727231',NULL,NULL,'C118 Nguyễn Văn Quá, Quận 12','HoChiMinh','Oregon','12345',NULL,0,35),(54,'Doan5','Thuan','0902727231',NULL,NULL,'C118 Nguyễn Văn Quá, Quận 12','HoChiMinh','Oregon','12345',NULL,0,35),(55,'Doan5','Thuan','0902727231',NULL,NULL,'C118 Nguyễn Văn Quá, Quận 12','HoChiMinh','Oregon','12345',NULL,0,36),(56,'Doan5','Thuan','0902727231',NULL,NULL,'C118 Nguyễn Văn Quá, Quận 12','HoChiMinh','Oregon','12345',NULL,0,36),(57,'Doan5','Thuan','0902727231',NULL,NULL,'C118 Nguyễn Văn Quá, Quận 12','HoChiMinh','Oregon','12345',NULL,0,37),(58,'Doan5','Thuan','0902727231',NULL,NULL,'C118 Nguyễn Văn Quá, Quận 12','HoChiMinh','Oregon','12345',NULL,0,37),(59,'Doan5','Thuan','0902727231',NULL,NULL,'C118 Nguyễn Văn Quá, Quận 12','HoChiMinh','Oregon','12345',NULL,0,38),(60,'Doan5','Thuan','0902727231',NULL,NULL,'C118 Nguyễn Văn Quá, Quận 12','HoChiMinh','Oregon','12345',NULL,0,38),(61,'Doan5','Thuan','0902727231',NULL,NULL,'C118 Nguyễn Văn Quá, Quận 12','HoChiMinh','Oregon','12345',NULL,0,39),(62,'Doan5','Thuan','0902727231',NULL,NULL,'C118 Nguyễn Văn Quá, Quận 12','HoChiMinh','Oregon','12345',NULL,0,39),(63,'Doan5','Thuan','0902727231',NULL,NULL,'C118 Nguyễn Văn Quá, Quận 12','HoChiMinh','Oregon','12345',NULL,0,40),(64,'Doan5','Thuan','0902727231',NULL,NULL,'C118 Nguyễn Văn Quá, Quận 12','HoChiMinh','Oregon','12345',NULL,0,40),(65,'Doan5','Thuan','0902727231',NULL,NULL,'C118 Nguyễn Văn Quá, Quận 12','HoChiMinh','Oregon','12345',NULL,0,41),(66,'Doan5','Thuan','0902727231',NULL,NULL,'C118 Nguyễn Văn Quá, Quận 12','HoChiMinh','Oregon','12345',NULL,0,41),(67,'Doan5','Thuan','0902727231',NULL,NULL,'C118 Nguyễn Văn Quá, Quận 12','HoChiMinh','Oregon','12345',NULL,0,42),(68,'Doan5','Thuan','0902727231',NULL,NULL,'C118 Nguyễn Văn Quá, Quận 12','HoChiMinh','Oregon','12345',NULL,0,42),(69,'Doan5','Thuan','0902727231',NULL,NULL,'C118 Nguyễn Văn Quá, Quận 12','HoChiMinh','Oregon','12345',NULL,0,43),(70,'Doan5','Thuan','0902727231',NULL,NULL,'C118 Nguyễn Văn Quá, Quận 12','HoChiMinh','Oregon','12345',NULL,0,43),(71,'Doan5','Thuan','0902727231',NULL,NULL,'C118 Nguyễn Văn Quá, Quận 12','HoChiMinh','Oregon','12345',NULL,0,44),(72,'Doan5','Thuan','0902727231',NULL,NULL,'C118 Nguyễn Văn Quá, Quận 12','HoChiMinh','Oregon','12345',NULL,0,44),(73,'Doan5','Thuan','0902727231',NULL,NULL,'C118 Nguyễn Văn Quá, Quận 12','HoChiMinh','Oregon','12345',NULL,0,45),(74,'Doan5','Thuan','0902727231',NULL,NULL,'C118 Nguyễn Văn Quá, Quận 12','HoChiMinh','Oregon','12345',NULL,0,45),(75,'Doan5','Thuan','0902727231',NULL,NULL,'C118 Nguyễn Văn Quá, Quận 12','HoChiMinh','Oregon','12345',NULL,0,46),(76,'Doan5','Thuan','0902727231',NULL,NULL,'C118 Nguyễn Văn Quá, Quận 12','HoChiMinh','Oregon','12345',NULL,0,46),(77,'Doan5','Thuan','0902727231',NULL,NULL,'C118 Nguyễn Văn Quá, Quận 12','HoChiMinh','Oregon','12345',NULL,0,47),(78,'Doan5','Thuan','0902727231',NULL,NULL,'C118 Nguyễn Văn Quá, Quận 12','HoChiMinh','Oregon','12345',NULL,0,47),(79,'Doan5','Thuan','0902727231',NULL,NULL,'C118 Nguyễn Văn Quá, Quận 12','HoChiMinh','Oregon','12345',NULL,0,48),(80,'Doan5','Thuan','0902727231',NULL,NULL,'C118 Nguyễn Văn Quá, Quận 12','HoChiMinh','Oregon','12345',NULL,0,48),(81,'Doan','Thuan','84902727231',NULL,NULL,'C118 Nguyễn Văn Quá, Quận 12','HoChiMinh','Ho Chi Minh City','12345',NULL,0,87),(82,'Doan','Thuan','84902727231',NULL,NULL,'C118 Nguyễn Văn Quá, Quận 12','HoChiMinh','Ho Chi Minh City','12345',NULL,1,87),(83,'Doan','Thuan','84902727231',NULL,NULL,'C118 Nguyễn Văn Quá, Quận 12','HoChiMinh','Ho Chi Minh City','12345',NULL,0,88),(84,'Doan','Thuan','84902727231',NULL,NULL,'C118 Nguyễn Văn Quá, Quận 12','HoChiMinh','Ho Chi Minh City','12345',NULL,1,88),(85,'Doan','Thuan','84902727231',NULL,NULL,'C118 Nguyễn Văn Quá, Quận 12','HoChiMinh','Ho Chi Minh City','12345',NULL,0,89),(86,'Doan','Thuan','84902727231',NULL,NULL,'C118 Nguyễn Văn Quá, Quận 12','HoChiMinh','Ho Chi Minh City','12345',NULL,1,89),(87,'Doan','Thuan','84902727231',NULL,NULL,'C118 Nguyễn Văn Quá, Quận 12','HoChiMinh','Ho Chi Minh City','12345',NULL,0,90),(88,'Doan','Thuan','84902727231',NULL,NULL,'C118 Nguyễn Văn Quá, Quận 12','HoChiMinh','Ho Chi Minh City','12345',NULL,1,90),(89,'Doan','Thuan','84902727231',NULL,NULL,'C118 Nguyễn Văn Quá, Quận 12','HoChiMinh','Ho Chi Minh City','12345',NULL,0,91),(90,'Old','Fox','5037644123',NULL,NULL,'2120 sw jefferson st','Portland','Oregon','97201',NULL,1,91),(91,'Doan','Thuan','84902727231',NULL,NULL,'C118 Nguyễn Văn Quá, Quận 12','HoChiMinh','Ho Chi Minh City','12345',NULL,0,92),(92,'Old','Fox','5037644123',NULL,NULL,'2120 sw jefferson st','Portland','Oregon','97201',NULL,1,92),(93,'Doan','Thuan','84902727231',NULL,NULL,'C118 Nguyễn Văn Quá, Quận 12','HoChiMinh','Ho Chi Minh City','12345',NULL,0,93),(94,'Doan','Thuan','84902727231',NULL,NULL,'C118 Nguyễn Văn Quá, Quận 12','HoChiMinh','Ho Chi Minh City','12345',NULL,1,93),(95,'Doan5','Thuan','0902727231',NULL,NULL,'C118 Nguyễn Văn Quá, Quận 12','HoChiMinh','Oregon','12345',NULL,1,56),(96,'Doan5','Thuan','0902727231',NULL,NULL,'C118 Nguyễn Văn Quá, Quận 12','HoChiMinh','Oregon','12345',NULL,1,56),(97,'Doan5','Thuan','0902727231',NULL,NULL,'C118 Nguyễn Văn Quá, Quận 12','HoChiMinh','Oregon','12345',NULL,0,57),(98,'Doan5','Thuan','0902727231',NULL,NULL,'C118 Nguyễn Văn Quá, Quận 12','HoChiMinh','Oregon','12345',NULL,1,57),(99,'Doan5','Thuan','0902727231',NULL,NULL,'C118 Nguyễn Văn Quá, Quận 12','HoChiMinh','Oregon','12345',NULL,0,58),(100,'Doan5','Thuan','0902727231',NULL,NULL,'C118 Nguyễn Văn Quá, Quận 12','HoChiMinh','Oregon','12345',NULL,1,58),(101,'Doan','Thuan','84902727231',NULL,NULL,'C118 Nguyễn Văn Quá, Quận 12','HoChiMinh','Ho Chi Minh City','12345',NULL,0,59),(102,'Doan14','Thuan','84902727231',NULL,NULL,'C118 Nguyễn Văn Quá, Quận 12','HoChiMinh','Ho Chi Minh City','12345',NULL,1,59),(103,'Doan','Thuan','84902727231',NULL,NULL,'C118 Nguyễn Văn Quá, Quận 12','HoChiMinh','Ho Chi Minh City','12345',NULL,0,60),(104,'Doan14','Thuan','84902727231',NULL,NULL,'C118 Nguyễn Văn Quá, Quận 12','HoChiMinh','Ho Chi Minh City','12345',NULL,1,60),(105,'Doan','Thuan','84902727231',NULL,NULL,'C118 Nguyễn Văn Quá, Quận 12','HoChiMinh','Ho Chi Minh City','12345',NULL,0,61),(106,'Doan','Thuan','84902727231',NULL,NULL,'C118 Nguyễn Văn Quá, Quận 12','HoChiMinh','Ho Chi Minh City','12345',NULL,1,61),(107,'Doan','Thuan','84902727231',NULL,NULL,'C118 Nguyễn Văn Quá, Quận 12','HoChiMinh','Ho Chi Minh City','12345',NULL,0,62),(108,'Doan','Thuan','84902727231',NULL,NULL,'C118 Nguyễn Văn Quá, Quận 12','HoChiMinh','Ho Chi Minh City','12345',NULL,1,62),(109,'Doan','Thuan','84902727231',NULL,NULL,'C118 Nguyễn Văn Quá, Quận 12','HoChiMinh','Ho Chi Minh City','12345',NULL,0,63),(110,'Doan','Thuan','84902727231',NULL,NULL,'C118 Nguyễn Văn Quá, Quận 12','HoChiMinh','Ho Chi Minh City','12345',NULL,1,63),(111,'Doan','Thuan','84902727231',NULL,NULL,'C118 Nguyễn Văn Quá, Quận 12','HoChiMinh','Ho Chi Minh City','12345',NULL,0,64),(112,'Doan','Thuan','84902727231',NULL,NULL,'C118 Nguyễn Văn Quá, Quận 12','HoChiMinh','Ho Chi Minh City','12345',NULL,1,64),(113,'Doan','Thuan','84902727231',NULL,NULL,'C118 Nguyễn Văn Quá, Quận 12','HoChiMinh','Ho Chi Minh City','12345',NULL,0,65),(114,'Doan','Thuan','84902727231',NULL,NULL,'C118 Nguyễn Văn Quá, Quận 12','HoChiMinh','Ho Chi Minh City','12345',NULL,1,65),(115,'Doan','Thuan','84902727231',NULL,NULL,'C118 Nguyễn Văn Quá, Quận 12','HoChiMinh','Ho Chi Minh City','12345',NULL,0,66),(116,'Doan','Thuan','84902727231',NULL,NULL,'C118 Nguyễn Văn Quá, Quận 12','HoChiMinh','Ho Chi Minh City','12345',NULL,1,66),(117,'Doan','Thuan','84902727231',NULL,NULL,'C118 Nguyễn Văn Quá, Quận 12','HoChiMinh','Ho Chi Minh City','12345',NULL,0,67),(118,'Doan','Thuan','84902727231',NULL,NULL,'C118 Nguyễn Văn Quá, Quận 12','HoChiMinh','Ho Chi Minh City','12345',NULL,1,67),(119,'Doan','Thuan','84902727231',NULL,NULL,'C118 Nguyễn Văn Quá, Quận 12','HoChiMinh','Ho Chi Minh City','12345',NULL,0,68),(120,'Doan','Thuan','84902727231',NULL,NULL,'C118 Nguyễn Văn Quá, Quận 12','HoChiMinh','Ho Chi Minh City','12345',NULL,1,68),(121,'Doan','Thuan','84902727231',NULL,NULL,'C118 Nguyễn Văn Quá, Quận 12','HoChiMinh','Ho Chi Minh City','12345',NULL,0,69),(122,'Doan','Thuan','84902727231',NULL,NULL,'C118 Nguyễn Văn Quá, Quận 12','HoChiMinh','Ho Chi Minh City','12345',NULL,1,69),(123,'Doan','Thuan','84902727231',NULL,NULL,'C118 Nguyễn Văn Quá, Quận 12','HoChiMinh','Ho Chi Minh City','12345',NULL,0,70),(124,'Doan','Thuan','84902727231',NULL,NULL,'C118 Nguyễn Văn Quá, Quận 12','HoChiMinh','Ho Chi Minh City','12345',NULL,1,70),(125,'Doan','Thuan','84902727231',NULL,NULL,'C118 Nguyễn Văn Quá, Quận 12','HoChiMinh','Ho Chi Minh City','12345',NULL,0,71),(126,'Doan','Thuan','84902727231',NULL,NULL,'C118 Nguyễn Văn Quá, Quận 12','HoChiMinh','Ho Chi Minh City','12345',NULL,1,71),(127,'Doan1','Thuan1','84902727231',NULL,NULL,'C118 Nguyễn Văn Quá, Quận 12','HoChiMinh','Ho Chi Minh City','12345',NULL,0,72),(128,'Doan1','Thuan1','84902727231',NULL,NULL,'C118 Nguyễn Văn Quá, Quận 12','HoChiMinh','Ho Chi Minh City','12345',NULL,1,72),(129,'Doan','Thuan','84902727231',NULL,NULL,'C118 Nguyễn Văn Quá, Quận 12','HoChiMinh','Ho Chi Minh City','12345',NULL,0,73),(130,'Doan','Thuan','84902727231',NULL,NULL,'C118 Nguyễn Văn Quá, Quận 12','HoChiMinh','Ho Chi Minh City','12345',NULL,1,73),(131,'Doan','Thuan','84902727231',NULL,NULL,'C118 Nguyễn Văn Quá, Quận 12','HoChiMinh','Ho Chi Minh City','12345',NULL,0,74),(132,'Doan','Thuan','84902727231',NULL,NULL,'C118 Nguyễn Văn Quá, Quận 12','HoChiMinh','Ho Chi Minh City','12345',NULL,1,74),(133,'Doan','Thuan','84902727231',NULL,NULL,'C118 Nguyễn Văn Quá, Quận 12','HoChiMinh','Ho Chi Minh City','12345',NULL,0,75),(134,'Doan','Thuan','84902727231',NULL,NULL,'C118 Nguyễn Văn Quá, Quận 12','HoChiMinh','Ho Chi Minh City','12345',NULL,1,75),(135,'Doan','Thuan','84902727231',NULL,NULL,'C118 Nguyễn Văn Quá, Quận 12','HoChiMinh','Ho Chi Minh City','12345',NULL,0,76),(136,'Doan','Thuan','84902727231',NULL,NULL,'C118 Nguyễn Văn Quá, Quận 12','HoChiMinh','Ho Chi Minh City','12345',NULL,1,76),(137,'Doan','Thuan','84902727231',NULL,NULL,'C118 Nguyễn Văn Quá, Quận 12','HoChiMinh','Ho Chi Minh City','12345',NULL,0,77),(138,'Doan','Thuan','84902727231',NULL,NULL,'C118 Nguyễn Văn Quá, Quận 12','HoChiMinh','Ho Chi Minh City','12345',NULL,1,77),(139,'Doan','Thuan','84902727231',NULL,NULL,'C118 Nguyễn Văn Quá, Quận 12','HoChiMinh','Ho Chi Minh City','12345',NULL,0,78),(140,'Doan','Thuan','84902727231',NULL,NULL,'C118 Nguyễn Văn Quá, Quận 12','HoChiMinh','Ho Chi Minh City','12345',NULL,1,78),(141,'Doan15','Thuan','84902727231',NULL,NULL,'C118 Nguyễn Văn Quá, Quận 12','HoChiMinh','Ho Chi Minh City','12345',NULL,0,79),(142,'Doan15','Thuan','84902727231',NULL,NULL,'C118 Nguyễn Văn Quá, Quận 12','HoChiMinh','Ho Chi Minh City','12345',NULL,0,79),(143,'Doan17','Thuan','84902727231',NULL,NULL,'C118 Nguyễn Văn Quá, Quận 12','HoChiMinh','Ho Chi Minh City','12345',NULL,0,80),(144,'Doan17','Thuan','84902727231',NULL,NULL,'C118 Nguyễn Văn Quá, Quận 12','HoChiMinh','Ho Chi Minh City','12345',NULL,0,80),(145,'Doan18','Thuan','84902727231',NULL,NULL,'C118 Nguyễn Văn Quá, Quận 12','HoChiMinh','Ho Chi Minh City','12345',NULL,0,81),(146,'Doan18','Thuan','84902727231',NULL,NULL,'C118 Nguyễn Văn Quá, Quận 12','HoChiMinh','Ho Chi Minh City','12345',NULL,0,81),(147,'Doan20','Thuan','84902727231',NULL,NULL,'C118 Nguyễn Văn Quá, Quận 12','HoChiMinh','Ho Chi Minh City','12345',NULL,0,82),(148,'Doan20','Thuan','84902727231',NULL,NULL,'C118 Nguyễn Văn Quá, Quận 12','HoChiMinh','Ho Chi Minh City','12345',NULL,0,82),(149,'Doan22','Thuan','84902727231',NULL,NULL,'C118 Nguyễn Văn Quá, Quận 12','HoChiMinh','Ho Chi Minh City','12345',NULL,0,83),(150,'Doan23','Thuan','84902727231',NULL,NULL,'C118 Nguyễn Văn Quá, Quận 12','HoChiMinh','Ho Chi Minh City','12345',NULL,1,83),(151,'Doan','Thuan','84902727231',NULL,NULL,'C118 Nguyễn Văn Quá, Quận 12','HoChiMinh','Ho Chi Minh City','12345',NULL,0,84),(152,'Doan','Thuan','84902727231',NULL,NULL,'C118 Nguyễn Văn Quá, Quận 12','HoChiMinh','Ho Chi Minh City','12345',NULL,1,84),(153,'Doan','Thuan','84902727231',NULL,NULL,'C118 Nguyễn Văn Quá, Quận 12','HoChiMinh','Ho Chi Minh City','12345',NULL,0,85),(154,'Doan','Thuan','84902727231',NULL,NULL,'C118 Nguyễn Văn Quá, Quận 12','HoChiMinh','Ho Chi Minh City','12345',NULL,1,85),(155,'Doan','Thuan','84902727231',NULL,NULL,'C118 Nguyễn Văn Quá, Quận 12','HoChiMinh','Ho Chi Minh City','12345',NULL,0,86),(156,'Doan','Thuan','84902727231',NULL,NULL,'C118 Nguyễn Văn Quá, Quận 12','HoChiMinh','Ho Chi Minh City','12345',NULL,1,86),(157,'Doan','Thuan','',NULL,NULL,'C118 Nguyễn Văn Quá, Quận 12','HoChiMinh','','',NULL,0,94),(158,'Doan','Thuan','84902727231',NULL,NULL,'C118 Nguyễn Văn Quá, Quận 12','HoChiMinh','Ho Chi Minh City','12345',NULL,1,94),(159,'Doan','Thuan','84902727231',NULL,NULL,'C118 Nguyễn Văn Quá, Quận 12','HoChiMinh','Ho Chi Minh City','12345',NULL,0,95),(160,'Doan','Thuan','84902727231',NULL,NULL,'C118 Nguyễn Văn Quá, Quận 12','HoChiMinh','Ho Chi Minh City','12345',NULL,0,96);

/*Table structure for table `order_product` */

DROP TABLE IF EXISTS `order_product`;

CREATE TABLE `order_product` (
  `id` int(11) NOT NULL AUTO_INCREMENT,
  `order_id` int(11) DEFAULT NULL,
  `product_id` int(11) DEFAULT NULL,
  `name` varchar(255) DEFAULT NULL,
  `quantity` int(11) DEFAULT NULL,
  `price` decimal(15,4) DEFAULT '0.0000',
  `total` decimal(15,4) DEFAULT '0.0000',
  `discount` decimal(15,4) DEFAULT '0.0000',
  PRIMARY KEY (`id`),
  KEY `Index_2` (`order_id`),
  KEY `Index_3` (`product_id`)
) ENGINE=InnoDB AUTO_INCREMENT=104 DEFAULT CHARSET=utf8;

/*Data for the table `order_product` */

insert  into `order_product`(`id`,`order_id`,`product_id`,`name`,`quantity`,`price`,`total`,`discount`) values (1,1,37,'SAMSUNG GALAXY CAMERA GC100',1,'7599000.0000','7599000.0000','0.0000'),(2,2,3,'Apple Iphone 5 64gb',1,'22290000.0000','22290000.0000','0.0000'),(9,9,1,'Samsung Galaxy S4 I9500',1,'15979000.0000','15979000.0000','0.0000'),(10,10,37,'SAMSUNG GALAXY CAMERA GC100',1,'7599000.0000','7599000.0000','0.0000'),(11,11,37,'SAMSUNG GALAXY CAMERA GC100',1,'7599000.0000','7599000.0000','0.0000'),(12,12,23,'Sony Vaio E Series Sve1412ecx (core I3-3110m/4gb/320gb/intel Hd 4000/14”hd)',1,'12390000.0000','12390000.0000','0.0000'),(13,13,37,'SAMSUNG GALAXY CAMERA GC100',1,'7599000.0000','7599000.0000','0.0000'),(14,14,2,'Samsung Galaxy Mega 6.3 I9200',1,'11491000.0000','11491000.0000','0.0000'),(15,15,2,'Samsung Galaxy Mega 6.3 I9200',1,'11491000.0000','11491000.0000','0.0000'),(16,16,14,'Lenovo A800',1,'3499000.0000','3499000.0000','0.0000'),(17,17,2,'Samsung Galaxy Mega 6.3 I9200',1,'11491000.0000','11491000.0000','0.0000'),(18,18,1,'Samsung Galaxy S4 I9500',1,'15979000.0000','15979000.0000','0.0000'),(19,19,1,'Samsung Galaxy S4 I9500',1,'15979000.0000','15979000.0000','0.0000'),(20,20,1,'Samsung Galaxy S4 I9500',1,'15979000.0000','15979000.0000','0.0000'),(21,21,1,'Samsung Galaxy S4 I9500',1,'15979000.0000','15979000.0000','0.0000'),(22,22,1,'Samsung Galaxy S4 I9500',1,'15979000.0000','15979000.0000','0.0000'),(23,23,1,'Samsung Galaxy S4 I9500',1,'15979000.0000','15979000.0000','0.0000'),(24,24,1,'Samsung Galaxy S4 I9500',1,'15979000.0000','15979000.0000','0.0000'),(25,24,2,'Samsung Galaxy Mega 6.3 I9200',1,'11491000.0000','11491000.0000','0.0000'),(26,25,14,'Lenovo A800',1,'3499000.0000','3499000.0000','0.0000'),(27,26,3,'Apple Iphone 5 64gb',1,'22290000.0000','22290000.0000','0.0000'),(28,27,14,'Lenovo A800',1,'3499000.0000','3499000.0000','0.0000'),(29,28,3,'Apple Iphone 5 64gb',1,'22290000.0000','22290000.0000','0.0000'),(30,29,3,'Apple Iphone 5 64gb',1,'22290000.0000','22290000.0000','0.0000'),(31,30,3,'Apple Iphone 5 64gb',1,'22290000.0000','22290000.0000','0.0000'),(32,31,3,'Apple Iphone 5 64gb',1,'22290000.0000','22290000.0000','0.0000'),(33,32,3,'Apple Iphone 5 64gb',1,'22290000.0000','22290000.0000','0.0000'),(34,33,4,'Nokia Lumia 920',1,'9990000.0000','9990000.0000','0.0000'),(35,34,5,'Htc One',1,'15680000.0000','15680000.0000','0.0000'),(36,35,6,'Lg Nexus 4 ',1,'10500000.0000','10500000.0000','0.0000'),(37,36,7,'Sony Xperia Z',1,'15390000.0000','15390000.0000','0.0000'),(38,37,14,'Lenovo A800',1,'3499000.0000','3499000.0000','0.0000'),(39,38,14,'Lenovo A800',1,'3499000.0000','3499000.0000','0.0000'),(40,39,14,'Lenovo A800',1,'3499000.0000','3499000.0000','0.0000'),(41,40,2,'Samsung Galaxy Mega 6.3 I9200',1,'11491000.0000','11491000.0000','0.0000'),(42,41,2,'Samsung Galaxy Mega 6.3 I9200',1,'11491000.0000','11491000.0000','0.0000'),(43,42,14,'Lenovo A800',1,'3499000.0000','3499000.0000','0.0000'),(44,43,14,'Lenovo A800',1,'3499000.0000','3499000.0000','0.0000'),(45,44,14,'Lenovo A800',1,'3499000.0000','3499000.0000','0.0000'),(46,45,14,'Lenovo A800',1,'3499000.0000','3499000.0000','0.0000'),(47,46,2,'Samsung Galaxy Mega 6.3 I9200',1,'11491000.0000','11491000.0000','0.0000'),(48,47,2,'Samsung Galaxy Mega 6.3 I9200',1,'11491000.0000','11491000.0000','0.0000'),(49,48,2,'Samsung Galaxy Mega 6.3 I9200',1,'11491000.0000','11491000.0000','0.0000'),(50,49,2,'Samsung Galaxy Mega 6.3 I9200',1,'11491000.0000','11491000.0000','0.0000'),(51,50,14,'Lenovo A800',1,'3499000.0000','3499000.0000','0.0000'),(52,51,2,'Samsung Galaxy Mega 6.3 I9200',1,'11491000.0000','11491000.0000','0.0000'),(53,52,14,'Lenovo A800',1,'3499000.0000','3499000.0000','0.0000'),(54,53,2,'Samsung Galaxy Mega 6.3 I9200',1,'11491000.0000','11491000.0000','0.0000'),(55,54,14,'Lenovo A800',1,'3499000.0000','3499000.0000','0.0000'),(56,55,14,'Lenovo A800',1,'3499000.0000','3499000.0000','0.0000'),(57,56,14,'Lenovo A800',1,'3499000.0000','3499000.0000','0.0000'),(58,57,14,'Lenovo A800',1,'3499000.0000','3499000.0000','0.0000'),(59,58,14,'Lenovo A800',1,'3499000.0000','3499000.0000','0.0000'),(60,59,14,'Lenovo A800',1,'3499000.0000','3499000.0000','0.0000'),(61,60,14,'Lenovo A800',1,'3499000.0000','3499000.0000','0.0000'),(62,61,2,'Samsung Galaxy Mega 6.3 I9200',1,'11491000.0000','11491000.0000','0.0000'),(63,62,2,'Samsung Galaxy Mega 6.3 I9200',1,'11491000.0000','11491000.0000','0.0000'),(64,63,14,'Lenovo A800',1,'3499000.0000','3499000.0000','0.0000'),(65,64,14,'Lenovo A800',1,'3499000.0000','3499000.0000','0.0000'),(66,65,14,'Lenovo A800',1,'3499000.0000','3499000.0000','0.0000'),(67,66,14,'Lenovo A800',1,'3499000.0000','3499000.0000','0.0000'),(68,67,14,'Lenovo A800',1,'3499000.0000','3499000.0000','0.0000'),(69,68,14,'Lenovo A800',1,'3499000.0000','3499000.0000','0.0000'),(70,69,14,'Lenovo A800',1,'3499000.0000','3499000.0000','0.0000'),(71,70,14,'Lenovo A800',1,'3499000.0000','3499000.0000','0.0000'),(72,71,14,'Lenovo A800',1,'150.0000','150.0000','0.0000'),(73,72,14,'Lenovo A800',1,'150.0000','150.0000','0.0000'),(74,73,14,'Lenovo A800',1,'150.0000','150.0000','0.0000'),(75,74,4,'Nokia Lumia 920',1,'450.0000','450.0000','0.0000'),(76,74,14,'Lenovo A800',1,'150.0000','150.0000','0.0000'),(77,75,4,'Nokia Lumia 920',1,'450.0000','450.0000','0.0000'),(78,75,14,'Lenovo A800',1,'150.0000','150.0000','0.0000'),(79,76,4,'Nokia Lumia 920',1,'450.0000','450.0000','0.0000'),(80,76,14,'Lenovo A800',1,'150.0000','150.0000','0.0000'),(81,77,4,'Nokia Lumia 920',1,'450.0000','450.0000','0.0000'),(82,77,14,'Lenovo A800',1,'150.0000','150.0000','0.0000'),(83,78,4,'Nokia Lumia 920',1,'450.0000','450.0000','0.0000'),(84,78,14,'Lenovo A800',1,'150.0000','150.0000','0.0000'),(85,79,14,'Lenovo A800',1,'150.0000','150.0000','0.0000'),(86,80,14,'Lenovo A800',1,'150.0000','150.0000','0.0000'),(87,81,14,'Lenovo A800',1,'150.0000','150.0000','0.0000'),(88,82,14,'Lenovo A800',1,'150.0000','150.0000','0.0000'),(89,83,14,'Lenovo A800',1,'150.0000','150.0000','0.0000'),(90,84,14,'Lenovo A800',1,'150.0000','150.0000','0.0000'),(91,85,14,'Lenovo A800',1,'150.0000','150.0000','0.0000'),(92,86,14,'Lenovo A800',1,'150.0000','150.0000','0.0000'),(93,87,13,'Lenovo P770',1,'200.0000','200.0000','0.0000'),(94,88,14,'Lenovo A800',1,'150.0000','150.0000','0.0000'),(95,89,14,'Lenovo A800',1,'150.0000','150.0000','0.0000'),(96,90,15,'Lenovo A690',1,'110.0000','110.0000','0.0000'),(97,91,14,'Lenovo A800',1,'150.0000','150.0000','0.0000'),(98,92,15,'Lenovo A690',1,'110.0000','110.0000','0.0000'),(99,93,15,'Lenovo A690',1,'110.0000','110.0000','0.0000'),(100,94,15,'Lenovo A690',1,'110.0000','110.0000','0.0000'),(101,95,2,'Samsung Galaxy Mega 6.3 I9200',1,'520.0000','520.0000','0.0000'),(102,96,1,'Samsung Galaxy S4 I9500',1,'523.8100','523.8100','0.0000'),(103,96,2,'Samsung Galaxy Mega 6.3 I9200',1,'520.0000','520.0000','0.0000');

/*Table structure for table `password_reminders` */

DROP TABLE IF EXISTS `password_reminders`;

CREATE TABLE `password_reminders` (
  `email` varchar(255) COLLATE utf8_unicode_ci NOT NULL,
  `token` varchar(255) COLLATE utf8_unicode_ci NOT NULL,
  `created_at` timestamp NOT NULL DEFAULT '0000-00-00 00:00:00',
  KEY `password_reminders_email_index` (`email`),
  KEY `password_reminders_token_index` (`token`)
) ENGINE=InnoDB DEFAULT CHARSET=utf8 COLLATE=utf8_unicode_ci;

/*Data for the table `password_reminders` */

insert  into `password_reminders`(`email`,`token`,`created_at`) values ('doanvuthuan@gmail.com','ebe3fc7949c997e794fca0affb726e2ca1e32c0d','2014-06-12 10:19:59'),('doanvuthuan@gmail.com','9380cc07b4583885912efff45c7124abc5aef58e','2014-06-12 10:29:47'),('doanvuthuan@gmail.com','d23f6f1d186d2966291f3f0803a1594192df6342','2014-06-12 10:31:32'),('doanvuthuan@gmail.com','0d2288335111e3a41823c8c4ae7eff114db77168','2014-06-12 10:31:51'),('doanvuthuan@gmail.com','d23144decd2b44d098c1a8e60fb0ffb0a2753555','2014-06-12 10:32:17'),('doanvuthuan@gmail.com','05a0a0064cebae259d2c3cc64926b4602bc96ed8','2014-06-12 10:32:42'),('doanvuthuan@gmail.com','2d44199f75f3feb56be2904487d5efa045258bcb','2014-06-12 10:45:54'),('doanvuthuan@gmail.com','f9fbd119edaf1a93d1252935e9387bd9aec7b132','2014-06-12 10:45:56'),('doanvuthuan@gmail.com','9c6b10c941730018c64dcc4d49512dfe1771c675','2014-06-12 10:45:56'),('doanvuthuan@gmail.com','909bd4516b972e00b3f2bb14ba393552fb13b8a2','2014-06-12 10:47:29');

/*Table structure for table `product` */

DROP TABLE IF EXISTS `product`;

CREATE TABLE `product` (
  `product_id` int(11) NOT NULL AUTO_INCREMENT,
  `name` varchar(255) DEFAULT NULL,
  `alias` varchar(255) DEFAULT NULL,
  `price` decimal(15,4) DEFAULT NULL,
  `short_description` text,
  `description` text,
  `sku` varchar(255) NOT NULL DEFAULT '',
  `quantity` int(11) DEFAULT NULL,
  `cost` float DEFAULT NULL,
  `weight` decimal(15,8) DEFAULT NULL,
  `vendor_id` int(11) DEFAULT NULL,
  `tax` int(11) DEFAULT NULL,
  `status` int(10) unsigned DEFAULT NULL,
  `created_at` datetime DEFAULT NULL,
  `updated_at` datetime DEFAULT NULL,
  `hits` int(11) DEFAULT '0',
  `sold` int(11) DEFAULT '0',
  `sort_order` int(11) DEFAULT NULL,
  `category_id` int(11) DEFAULT NULL,
  `attr_set_id` int(11) DEFAULT NULL,
  `meta_title` varchar(255) DEFAULT NULL,
  `meta_key` text,
  `meta_desc` text,
  `old_price` float DEFAULT NULL,
  `published_date` datetime DEFAULT NULL,
  `new_from` date DEFAULT NULL,
  `new_to` date DEFAULT NULL,
  `hot_from` date DEFAULT NULL,
  `hot_to` date DEFAULT NULL,
  `frontpage` tinyint(1) NOT NULL DEFAULT '0',
  PRIMARY KEY (`product_id`),
  KEY `Index_2` (`vendor_id`),
  KEY `Index_3` (`category_id`),
  KEY `Index_4` (`attr_set_id`)
) ENGINE=InnoDB AUTO_INCREMENT=39 DEFAULT CHARSET=utf8;

/*Data for the table `product` */

insert  into `product`(`product_id`,`name`,`alias`,`price`,`short_description`,`description`,`sku`,`quantity`,`cost`,`weight`,`vendor_id`,`tax`,`status`,`created_at`,`updated_at`,`hits`,`sold`,`sort_order`,`category_id`,`attr_set_id`,`meta_title`,`meta_key`,`meta_desc`,`old_price`,`published_date`,`new_from`,`new_to`,`hot_from`,`hot_to`,`frontpage`) values (1,'Samsung Galaxy S4 I9500','samsung-galaxy-s4-i9500','523.8100','<ul>\r\n<li>Praesent commodo cursus magna, vel scelerisque nisl consectetur et.</li>\r\n<li>Donec id elit non mi porta gravida at eget metus.</li>\r\n<li>Nulla vitae elit libero, a pharetra augue.</li>\r\n<li>Vestibulum id ligula porta felis euismod semper.</li>\r\n<li>Cum sociis natoque penatibus et magnis dis parturient montes, nascetur ridiculus mus.</li>\r\n<li>Maecenas sed diam eget risus varius blandit sit amet non magna.</li>\r\n</ul>','<p>Aenean lacinia bibendum nulla sed consectetur. Etiam porta sem malesuada magna mollis euismod. Fusce dapibus, tellus ac cursus commodo, tortor mauris condimentum nibh, ut fermentum massa.</p>\r\n<h3>Sub-heading</h3>\r\n<p>Cum sociis natoque penatibus et magnis dis parturient montes, nascetur ridiculus mus. Aenean lacinia bibendum nulla sed consectetur. Etiam porta sem malesuada magna mollis euismod. Fusce dapibus, tellus ac cursus commodo, tortor mauris condimentum nibh, ut fermentum massa justo sit amet risus.</p>\r\n<div class=\"text-center\"><img src=\"/media/product/samsung-galaxy-s4.jpg\" alt=\"\" /></div>\r\n<p>Cum sociis natoque penatibus et magnis dis parturient montes, nascetur ridiculus mus. Aenean lacinia bibendum nulla sed consectetur. Etiam porta sem malesuada magna mollis euismod. Fusce dapibus, tellus ac cursus commodo, tortor mauris condimentum nibh, ut fermentum massa justo sit amet risus.</p>\r\n<ul>\r\n<li>Praesent commodo cursus magna, vel scelerisque nisl consectetur et.</li>\r\n<li>Donec id elit non mi porta gravida at eget metus.</li>\r\n<li>Nulla vitae elit libero, a pharetra augue.</li>\r\n</ul>\r\n<p>Donec ullamcorper nulla non metus auctor fringilla. Nulla vitae elit libero, a pharetra augue.</p>\r\n<ol>\r\n<li>Vestibulum id ligula porta felis euismod semper.</li>\r\n<li>Cum sociis natoque penatibus et magnis dis parturient montes, nascetur ridiculus mus.</li>\r\n<li>Maecenas sed diam eget risus varius blandit sit amet non magna.</li>\r\n</ol>\r\n<p>Cras mattis consectetur purus sit amet fermentum. Sed posuere consectetur est at lobortis.</p>','0003514',50,0,'0.13000000',1,NULL,1,'2013-08-24 07:08:05','2014-07-21 11:44:45',15,11,2,9,1,NULL,NULL,NULL,1,'0000-00-00 00:00:00','0000-00-00','0000-00-00','0000-00-00','0000-00-00',0),(2,'Samsung Galaxy Mega 6.3 I9200','samsung-galaxy-mega-63-i9200','520.0000','<ul>\r\n<li>Praesent commodo cursus magna, vel scelerisque nisl consectetur et.</li>\r\n<li>Donec id elit non mi porta gravida at eget metus.</li>\r\n<li>Nulla vitae elit libero, a pharetra augue.</li>\r\n<li>Vestibulum id ligula porta felis euismod semper.</li>\r\n<li>Cum sociis natoque penatibus et magnis dis parturient montes, nascetur ridiculus mus.</li>\r\n<li>Maecenas sed diam eget risus varius blandit sit amet non magna.</li>\r\n</ul>','<p>Aenean lacinia bibendum nulla sed consectetur. Etiam porta sem malesuada magna mollis euismod. Fusce dapibus, tellus ac cursus commodo, tortor mauris condimentum nibh, ut fermentum massa.</p>\r\n<h3>Sub-heading</h3>\r\n<p>Cum sociis natoque penatibus et magnis dis parturient montes, nascetur ridiculus mus. Aenean lacinia bibendum nulla sed consectetur. Etiam porta sem malesuada magna mollis euismod. Fusce dapibus, tellus ac cursus commodo, tortor mauris condimentum nibh, ut fermentum massa justo sit amet risus.</p>\r\n<div class=\"text-center\"><img src=\"/media/product/samsung-galaxy-s4.jpg\"></div>\r\n<p>Cum sociis natoque penatibus et magnis dis parturient montes, nascetur ridiculus mus. Aenean lacinia bibendum nulla sed consectetur. Etiam porta sem malesuada magna mollis euismod. Fusce dapibus, tellus ac cursus commodo, tortor mauris condimentum nibh, ut fermentum massa justo sit amet risus.</p>\r\n<ul>\r\n<li>Praesent commodo cursus magna, vel scelerisque nisl consectetur et.</li>\r\n<li>Donec id elit non mi porta gravida at eget metus.</li>\r\n<li>Nulla vitae elit libero, a pharetra augue.</li>\r\n</ul>\r\n<p>Donec ullamcorper nulla non metus auctor fringilla. Nulla vitae elit libero, a pharetra augue.</p>\r\n<ol>\r\n<li>Vestibulum id ligula porta felis euismod semper.</li>\r\n<li>Cum sociis natoque penatibus et magnis dis parturient montes, nascetur ridiculus mus.</li>\r\n<li>Maecenas sed diam eget risus varius blandit sit amet non magna.</li>\r\n</ol>\r\n<p>Cras mattis consectetur purus sit amet fermentum. Sed posuere consectetur est at lobortis.</p> ','0003930',100,0,'0.00000000',3,NULL,1,'2013-08-24 07:08:05','2014-07-19 13:42:31',9,30,2,8,1,NULL,NULL,NULL,0,'0000-00-00 00:00:00','0000-00-00','0000-00-00','0000-00-00','0000-00-00',0),(3,'Apple Iphone 5 64gb',NULL,'1000.0000','<ul>\r\n<li>Praesent commodo cursus magna, vel scelerisque nisl consectetur et.</li>\r\n<li>Donec id elit non mi porta gravida at eget metus.</li>\r\n<li>Nulla vitae elit libero, a pharetra augue.</li>\r\n<li>Vestibulum id ligula porta felis euismod semper.</li>\r\n<li>Cum sociis natoque penatibus et magnis dis parturient montes, nascetur ridiculus mus.</li>\r\n<li>Maecenas sed diam eget risus varius blandit sit amet non magna.</li>\r\n</ul>','<p>Aenean lacinia bibendum nulla sed consectetur. Etiam porta sem malesuada magna mollis euismod. Fusce dapibus, tellus ac cursus commodo, tortor mauris condimentum nibh, ut fermentum massa.</p>\r\n<h3>Sub-heading</h3>\r\n<p>Cum sociis natoque penatibus et magnis dis parturient montes, nascetur ridiculus mus. Aenean lacinia bibendum nulla sed consectetur. Etiam porta sem malesuada magna mollis euismod. Fusce dapibus, tellus ac cursus commodo, tortor mauris condimentum nibh, ut fermentum massa justo sit amet risus.</p>\r\n<div class=\"text-center\"><img src=\"/media/product/samsung-galaxy-s4.jpg\"></div>\r\n<p>Cum sociis natoque penatibus et magnis dis parturient montes, nascetur ridiculus mus. Aenean lacinia bibendum nulla sed consectetur. Etiam porta sem malesuada magna mollis euismod. Fusce dapibus, tellus ac cursus commodo, tortor mauris condimentum nibh, ut fermentum massa justo sit amet risus.</p>\r\n<ul>\r\n<li>Praesent commodo cursus magna, vel scelerisque nisl consectetur et.</li>\r\n<li>Donec id elit non mi porta gravida at eget metus.</li>\r\n<li>Nulla vitae elit libero, a pharetra augue.</li>\r\n</ul>\r\n<p>Donec ullamcorper nulla non metus auctor fringilla. Nulla vitae elit libero, a pharetra augue.</p>\r\n<ol>\r\n<li>Vestibulum id ligula porta felis euismod semper.</li>\r\n<li>Cum sociis natoque penatibus et magnis dis parturient montes, nascetur ridiculus mus.</li>\r\n<li>Maecenas sed diam eget risus varius blandit sit amet non magna.</li>\r\n</ol>\r\n<p>Cras mattis consectetur purus sit amet fermentum. Sed posuere consectetur est at lobortis.</p> ','0002495',100,NULL,NULL,2,NULL,1,'2013-08-24 07:08:05','2014-06-19 21:43:45',7,10,3,1,1,NULL,NULL,NULL,0,NULL,'0000-00-00','0000-00-00','0000-00-00','0000-00-00',0),(4,'Nokia Lumia 920',NULL,'450.0000','<ul>\r\n<li>Praesent commodo cursus magna, vel scelerisque nisl consectetur et.</li>\r\n<li>Donec id elit non mi porta gravida at eget metus.</li>\r\n<li>Nulla vitae elit libero, a pharetra augue.</li>\r\n<li>Vestibulum id ligula porta felis euismod semper.</li>\r\n<li>Cum sociis natoque penatibus et magnis dis parturient montes, nascetur ridiculus mus.</li>\r\n<li>Maecenas sed diam eget risus varius blandit sit amet non magna.</li>\r\n</ul>','<p>Aenean lacinia bibendum nulla sed consectetur. Etiam porta sem malesuada magna mollis euismod. Fusce dapibus, tellus ac cursus commodo, tortor mauris condimentum nibh, ut fermentum massa.</p>\r\n<h3>Sub-heading</h3>\r\n<p>Cum sociis natoque penatibus et magnis dis parturient montes, nascetur ridiculus mus. Aenean lacinia bibendum nulla sed consectetur. Etiam porta sem malesuada magna mollis euismod. Fusce dapibus, tellus ac cursus commodo, tortor mauris condimentum nibh, ut fermentum massa justo sit amet risus.</p>\r\n<div class=\"text-center\"><img src=\"/media/product/samsung-galaxy-s4.jpg\"></div>\r\n<p>Cum sociis natoque penatibus et magnis dis parturient montes, nascetur ridiculus mus. Aenean lacinia bibendum nulla sed consectetur. Etiam porta sem malesuada magna mollis euismod. Fusce dapibus, tellus ac cursus commodo, tortor mauris condimentum nibh, ut fermentum massa justo sit amet risus.</p>\r\n<ul>\r\n<li>Praesent commodo cursus magna, vel scelerisque nisl consectetur et.</li>\r\n<li>Donec id elit non mi porta gravida at eget metus.</li>\r\n<li>Nulla vitae elit libero, a pharetra augue.</li>\r\n</ul>\r\n<p>Donec ullamcorper nulla non metus auctor fringilla. Nulla vitae elit libero, a pharetra augue.</p>\r\n<ol>\r\n<li>Vestibulum id ligula porta felis euismod semper.</li>\r\n<li>Cum sociis natoque penatibus et magnis dis parturient montes, nascetur ridiculus mus.</li>\r\n<li>Maecenas sed diam eget risus varius blandit sit amet non magna.</li>\r\n</ol>\r\n<p>Cras mattis consectetur purus sit amet fermentum. Sed posuere consectetur est at lobortis.</p> ','0002051',100,NULL,NULL,4,NULL,1,'2013-08-24 07:08:05','2014-07-07 20:25:51',24,10,4,27,1,NULL,NULL,NULL,0,NULL,'0000-00-00','0000-00-00','0000-00-00','0000-00-00',0),(5,'Htc One',NULL,'799.0000','<ul>\r\n<li>Praesent commodo cursus magna, vel scelerisque nisl consectetur et.</li>\r\n<li>Donec id elit non mi porta gravida at eget metus.</li>\r\n<li>Nulla vitae elit libero, a pharetra augue.</li>\r\n<li>Vestibulum id ligula porta felis euismod semper.</li>\r\n<li>Cum sociis natoque penatibus et magnis dis parturient montes, nascetur ridiculus mus.</li>\r\n<li>Maecenas sed diam eget risus varius blandit sit amet non magna.</li>\r\n</ul>','<p>Aenean lacinia bibendum nulla sed consectetur. Etiam porta sem malesuada magna mollis euismod. Fusce dapibus, tellus ac cursus commodo, tortor mauris condimentum nibh, ut fermentum massa.</p>\r\n<h3>Sub-heading</h3>\r\n<p>Cum sociis natoque penatibus et magnis dis parturient montes, nascetur ridiculus mus. Aenean lacinia bibendum nulla sed consectetur. Etiam porta sem malesuada magna mollis euismod. Fusce dapibus, tellus ac cursus commodo, tortor mauris condimentum nibh, ut fermentum massa justo sit amet risus.</p>\r\n<div class=\"text-center\"><img src=\"/media/product/samsung-galaxy-s4.jpg\"></div>\r\n<p>Cum sociis natoque penatibus et magnis dis parturient montes, nascetur ridiculus mus. Aenean lacinia bibendum nulla sed consectetur. Etiam porta sem malesuada magna mollis euismod. Fusce dapibus, tellus ac cursus commodo, tortor mauris condimentum nibh, ut fermentum massa justo sit amet risus.</p>\r\n<ul>\r\n<li>Praesent commodo cursus magna, vel scelerisque nisl consectetur et.</li>\r\n<li>Donec id elit non mi porta gravida at eget metus.</li>\r\n<li>Nulla vitae elit libero, a pharetra augue.</li>\r\n</ul>\r\n<p>Donec ullamcorper nulla non metus auctor fringilla. Nulla vitae elit libero, a pharetra augue.</p>\r\n<ol>\r\n<li>Vestibulum id ligula porta felis euismod semper.</li>\r\n<li>Cum sociis natoque penatibus et magnis dis parturient montes, nascetur ridiculus mus.</li>\r\n<li>Maecenas sed diam eget risus varius blandit sit amet non magna.</li>\r\n</ol>\r\n<p>Cras mattis consectetur purus sit amet fermentum. Sed posuere consectetur est at lobortis.</p> ','0003760',100,NULL,NULL,7,NULL,1,'2013-08-24 07:08:05','2014-06-19 21:45:42',11,1,5,6,1,NULL,NULL,NULL,0,NULL,'0000-00-00','0000-00-00','0000-00-00','0000-00-00',0),(6,'Lg Nexus 4 ',NULL,'480.0000','<ul>\r\n<li>Praesent commodo cursus magna, vel scelerisque nisl consectetur et.</li>\r\n<li>Donec id elit non mi porta gravida at eget metus.</li>\r\n<li>Nulla vitae elit libero, a pharetra augue.</li>\r\n<li>Vestibulum id ligula porta felis euismod semper.</li>\r\n<li>Cum sociis natoque penatibus et magnis dis parturient montes, nascetur ridiculus mus.</li>\r\n<li>Maecenas sed diam eget risus varius blandit sit amet non magna.</li>\r\n</ul>','<p>Aenean lacinia bibendum nulla sed consectetur. Etiam porta sem malesuada magna mollis euismod. Fusce dapibus, tellus ac cursus commodo, tortor mauris condimentum nibh, ut fermentum massa.</p>\r\n<h3>Sub-heading</h3>\r\n<p>Cum sociis natoque penatibus et magnis dis parturient montes, nascetur ridiculus mus. Aenean lacinia bibendum nulla sed consectetur. Etiam porta sem malesuada magna mollis euismod. Fusce dapibus, tellus ac cursus commodo, tortor mauris condimentum nibh, ut fermentum massa justo sit amet risus.</p>\r\n<div class=\"text-center\"><img src=\"/media/product/samsung-galaxy-s4.jpg\"></div>\r\n<p>Cum sociis natoque penatibus et magnis dis parturient montes, nascetur ridiculus mus. Aenean lacinia bibendum nulla sed consectetur. Etiam porta sem malesuada magna mollis euismod. Fusce dapibus, tellus ac cursus commodo, tortor mauris condimentum nibh, ut fermentum massa justo sit amet risus.</p>\r\n<ul>\r\n<li>Praesent commodo cursus magna, vel scelerisque nisl consectetur et.</li>\r\n<li>Donec id elit non mi porta gravida at eget metus.</li>\r\n<li>Nulla vitae elit libero, a pharetra augue.</li>\r\n</ul>\r\n<p>Donec ullamcorper nulla non metus auctor fringilla. Nulla vitae elit libero, a pharetra augue.</p>\r\n<ol>\r\n<li>Vestibulum id ligula porta felis euismod semper.</li>\r\n<li>Cum sociis natoque penatibus et magnis dis parturient montes, nascetur ridiculus mus.</li>\r\n<li>Maecenas sed diam eget risus varius blandit sit amet non magna.</li>\r\n</ol>\r\n<p>Cras mattis consectetur purus sit amet fermentum. Sed posuere consectetur est at lobortis.</p> ','0002729',100,NULL,NULL,1,NULL,1,'2013-08-24 07:08:05','2014-06-19 21:48:14',0,1,6,21,1,NULL,NULL,NULL,0,NULL,'0000-00-00','0000-00-00','0000-00-00','0000-00-00',0),(7,'Sony Xperia Z',NULL,'720.0000','<ul>\r\n<li>Praesent commodo cursus magna, vel scelerisque nisl consectetur et.</li>\r\n<li>Donec id elit non mi porta gravida at eget metus.</li>\r\n<li>Nulla vitae elit libero, a pharetra augue.</li>\r\n<li>Vestibulum id ligula porta felis euismod semper.</li>\r\n<li>Cum sociis natoque penatibus et magnis dis parturient montes, nascetur ridiculus mus.</li>\r\n<li>Maecenas sed diam eget risus varius blandit sit amet non magna.</li>\r\n</ul>','<p>Aenean lacinia bibendum nulla sed consectetur. Etiam porta sem malesuada magna mollis euismod. Fusce dapibus, tellus ac cursus commodo, tortor mauris condimentum nibh, ut fermentum massa.</p>\r\n<h3>Sub-heading</h3>\r\n<p>Cum sociis natoque penatibus et magnis dis parturient montes, nascetur ridiculus mus. Aenean lacinia bibendum nulla sed consectetur. Etiam porta sem malesuada magna mollis euismod. Fusce dapibus, tellus ac cursus commodo, tortor mauris condimentum nibh, ut fermentum massa justo sit amet risus.</p>\r\n<div class=\"text-center\"><img src=\"/media/product/samsung-galaxy-s4.jpg\"></div>\r\n<p>Cum sociis natoque penatibus et magnis dis parturient montes, nascetur ridiculus mus. Aenean lacinia bibendum nulla sed consectetur. Etiam porta sem malesuada magna mollis euismod. Fusce dapibus, tellus ac cursus commodo, tortor mauris condimentum nibh, ut fermentum massa justo sit amet risus.</p>\r\n<ul>\r\n<li>Praesent commodo cursus magna, vel scelerisque nisl consectetur et.</li>\r\n<li>Donec id elit non mi porta gravida at eget metus.</li>\r\n<li>Nulla vitae elit libero, a pharetra augue.</li>\r\n</ul>\r\n<p>Donec ullamcorper nulla non metus auctor fringilla. Nulla vitae elit libero, a pharetra augue.</p>\r\n<ol>\r\n<li>Vestibulum id ligula porta felis euismod semper.</li>\r\n<li>Cum sociis natoque penatibus et magnis dis parturient montes, nascetur ridiculus mus.</li>\r\n<li>Maecenas sed diam eget risus varius blandit sit amet non magna.</li>\r\n</ol>\r\n<p>Cras mattis consectetur purus sit amet fermentum. Sed posuere consectetur est at lobortis.</p> ','0003359',100,NULL,NULL,8,NULL,1,'2013-08-24 07:08:05','2014-06-19 21:50:51',0,1,7,36,1,NULL,NULL,NULL,0,NULL,'0000-00-00','0000-00-00','0000-00-00','0000-00-00',0),(8,'Samsung Galaxy S3 Mini I8190',NULL,'320.0000','<ul>\r\n<li>Praesent commodo cursus magna, vel scelerisque nisl consectetur et.</li>\r\n<li>Donec id elit non mi porta gravida at eget metus.</li>\r\n<li>Nulla vitae elit libero, a pharetra augue.</li>\r\n<li>Vestibulum id ligula porta felis euismod semper.</li>\r\n<li>Cum sociis natoque penatibus et magnis dis parturient montes, nascetur ridiculus mus.</li>\r\n<li>Maecenas sed diam eget risus varius blandit sit amet non magna.</li>\r\n</ul>','<p>Aenean lacinia bibendum nulla sed consectetur. Etiam porta sem malesuada magna mollis euismod. Fusce dapibus, tellus ac cursus commodo, tortor mauris condimentum nibh, ut fermentum massa.</p>\r\n<h3>Sub-heading</h3>\r\n<p>Cum sociis natoque penatibus et magnis dis parturient montes, nascetur ridiculus mus. Aenean lacinia bibendum nulla sed consectetur. Etiam porta sem malesuada magna mollis euismod. Fusce dapibus, tellus ac cursus commodo, tortor mauris condimentum nibh, ut fermentum massa justo sit amet risus.</p>\r\n<div class=\"text-center\"><img src=\"/media/product/samsung-galaxy-s4.jpg\"></div>\r\n<p>Cum sociis natoque penatibus et magnis dis parturient montes, nascetur ridiculus mus. Aenean lacinia bibendum nulla sed consectetur. Etiam porta sem malesuada magna mollis euismod. Fusce dapibus, tellus ac cursus commodo, tortor mauris condimentum nibh, ut fermentum massa justo sit amet risus.</p>\r\n<ul>\r\n<li>Praesent commodo cursus magna, vel scelerisque nisl consectetur et.</li>\r\n<li>Donec id elit non mi porta gravida at eget metus.</li>\r\n<li>Nulla vitae elit libero, a pharetra augue.</li>\r\n</ul>\r\n<p>Donec ullamcorper nulla non metus auctor fringilla. Nulla vitae elit libero, a pharetra augue.</p>\r\n<ol>\r\n<li>Vestibulum id ligula porta felis euismod semper.</li>\r\n<li>Cum sociis natoque penatibus et magnis dis parturient montes, nascetur ridiculus mus.</li>\r\n<li>Maecenas sed diam eget risus varius blandit sit amet non magna.</li>\r\n</ol>\r\n<p>Cras mattis consectetur purus sit amet fermentum. Sed posuere consectetur est at lobortis.</p> ','5920166',100,NULL,NULL,3,NULL,1,'2013-08-24 07:08:05','2014-05-29 13:56:25',0,0,8,8,1,NULL,NULL,NULL,0,NULL,'0000-00-00','0000-00-00','0000-00-00','0000-00-00',0),(9,'Lg Optimus G E975',NULL,'530.0000','<ul>\r\n<li>Praesent commodo cursus magna, vel scelerisque nisl consectetur et.</li>\r\n<li>Donec id elit non mi porta gravida at eget metus.</li>\r\n<li>Nulla vitae elit libero, a pharetra augue.</li>\r\n<li>Vestibulum id ligula porta felis euismod semper.</li>\r\n<li>Cum sociis natoque penatibus et magnis dis parturient montes, nascetur ridiculus mus.</li>\r\n<li>Maecenas sed diam eget risus varius blandit sit amet non magna.</li>\r\n</ul>','<p>Aenean lacinia bibendum nulla sed consectetur. Etiam porta sem malesuada magna mollis euismod. Fusce dapibus, tellus ac cursus commodo, tortor mauris condimentum nibh, ut fermentum massa.</p>\r\n<h3>Sub-heading</h3>\r\n<p>Cum sociis natoque penatibus et magnis dis parturient montes, nascetur ridiculus mus. Aenean lacinia bibendum nulla sed consectetur. Etiam porta sem malesuada magna mollis euismod. Fusce dapibus, tellus ac cursus commodo, tortor mauris condimentum nibh, ut fermentum massa justo sit amet risus.</p>\r\n<div class=\"text-center\"><img src=\"/media/product/samsung-galaxy-s4.jpg\"></div>\r\n<p>Cum sociis natoque penatibus et magnis dis parturient montes, nascetur ridiculus mus. Aenean lacinia bibendum nulla sed consectetur. Etiam porta sem malesuada magna mollis euismod. Fusce dapibus, tellus ac cursus commodo, tortor mauris condimentum nibh, ut fermentum massa justo sit amet risus.</p>\r\n<ul>\r\n<li>Praesent commodo cursus magna, vel scelerisque nisl consectetur et.</li>\r\n<li>Donec id elit non mi porta gravida at eget metus.</li>\r\n<li>Nulla vitae elit libero, a pharetra augue.</li>\r\n</ul>\r\n<p>Donec ullamcorper nulla non metus auctor fringilla. Nulla vitae elit libero, a pharetra augue.</p>\r\n<ol>\r\n<li>Vestibulum id ligula porta felis euismod semper.</li>\r\n<li>Cum sociis natoque penatibus et magnis dis parturient montes, nascetur ridiculus mus.</li>\r\n<li>Maecenas sed diam eget risus varius blandit sit amet non magna.</li>\r\n</ol>\r\n<p>Cras mattis consectetur purus sit amet fermentum. Sed posuere consectetur est at lobortis.</p> ','0003225',50,NULL,NULL,1,NULL,1,'2013-08-24 07:08:05','2014-05-29 13:56:25',0,0,9,21,1,NULL,NULL,NULL,0,NULL,'0000-00-00','0000-00-00','0000-00-00','0000-00-00',0),(10,'Htc Desire U',NULL,'199.0000','<ul>\r\n<li>Praesent commodo cursus magna, vel scelerisque nisl consectetur et.</li>\r\n<li>Donec id elit non mi porta gravida at eget metus.</li>\r\n<li>Nulla vitae elit libero, a pharetra augue.</li>\r\n<li>Vestibulum id ligula porta felis euismod semper.</li>\r\n<li>Cum sociis natoque penatibus et magnis dis parturient montes, nascetur ridiculus mus.</li>\r\n<li>Maecenas sed diam eget risus varius blandit sit amet non magna.</li>\r\n</ul>','<p>Aenean lacinia bibendum nulla sed consectetur. Etiam porta sem malesuada magna mollis euismod. Fusce dapibus, tellus ac cursus commodo, tortor mauris condimentum nibh, ut fermentum massa.</p>\r\n<h3>Sub-heading</h3>\r\n<p>Cum sociis natoque penatibus et magnis dis parturient montes, nascetur ridiculus mus. Aenean lacinia bibendum nulla sed consectetur. Etiam porta sem malesuada magna mollis euismod. Fusce dapibus, tellus ac cursus commodo, tortor mauris condimentum nibh, ut fermentum massa justo sit amet risus.</p>\r\n<div class=\"text-center\"><img src=\"/media/product/samsung-galaxy-s4.jpg\"></div>\r\n<p>Cum sociis natoque penatibus et magnis dis parturient montes, nascetur ridiculus mus. Aenean lacinia bibendum nulla sed consectetur. Etiam porta sem malesuada magna mollis euismod. Fusce dapibus, tellus ac cursus commodo, tortor mauris condimentum nibh, ut fermentum massa justo sit amet risus.</p>\r\n<ul>\r\n<li>Praesent commodo cursus magna, vel scelerisque nisl consectetur et.</li>\r\n<li>Donec id elit non mi porta gravida at eget metus.</li>\r\n<li>Nulla vitae elit libero, a pharetra augue.</li>\r\n</ul>\r\n<p>Donec ullamcorper nulla non metus auctor fringilla. Nulla vitae elit libero, a pharetra augue.</p>\r\n<ol>\r\n<li>Vestibulum id ligula porta felis euismod semper.</li>\r\n<li>Cum sociis natoque penatibus et magnis dis parturient montes, nascetur ridiculus mus.</li>\r\n<li>Maecenas sed diam eget risus varius blandit sit amet non magna.</li>\r\n</ol>\r\n<p>Cras mattis consectetur purus sit amet fermentum. Sed posuere consectetur est at lobortis.</p> ','0003079',50,NULL,NULL,7,NULL,1,'2013-08-24 07:08:05','2014-05-29 13:56:25',0,0,10,6,1,NULL,NULL,NULL,0,NULL,'0000-00-00','0000-00-00','0000-00-00','0000-00-00',0),(11,'Sony Xperia E Dual C1605',NULL,'149.0000','<ul>\r\n<li>Praesent commodo cursus magna, vel scelerisque nisl consectetur et.</li>\r\n<li>Donec id elit non mi porta gravida at eget metus.</li>\r\n<li>Nulla vitae elit libero, a pharetra augue.</li>\r\n<li>Vestibulum id ligula porta felis euismod semper.</li>\r\n<li>Cum sociis natoque penatibus et magnis dis parturient montes, nascetur ridiculus mus.</li>\r\n<li>Maecenas sed diam eget risus varius blandit sit amet non magna.</li>\r\n</ul>','<p>Aenean lacinia bibendum nulla sed consectetur. Etiam porta sem malesuada magna mollis euismod. Fusce dapibus, tellus ac cursus commodo, tortor mauris condimentum nibh, ut fermentum massa.</p>\r\n<h3>Sub-heading</h3>\r\n<p>Cum sociis natoque penatibus et magnis dis parturient montes, nascetur ridiculus mus. Aenean lacinia bibendum nulla sed consectetur. Etiam porta sem malesuada magna mollis euismod. Fusce dapibus, tellus ac cursus commodo, tortor mauris condimentum nibh, ut fermentum massa justo sit amet risus.</p>\r\n<div class=\"text-center\"><img src=\"/media/product/samsung-galaxy-s4.jpg\"></div>\r\n<p>Cum sociis natoque penatibus et magnis dis parturient montes, nascetur ridiculus mus. Aenean lacinia bibendum nulla sed consectetur. Etiam porta sem malesuada magna mollis euismod. Fusce dapibus, tellus ac cursus commodo, tortor mauris condimentum nibh, ut fermentum massa justo sit amet risus.</p>\r\n<ul>\r\n<li>Praesent commodo cursus magna, vel scelerisque nisl consectetur et.</li>\r\n<li>Donec id elit non mi porta gravida at eget metus.</li>\r\n<li>Nulla vitae elit libero, a pharetra augue.</li>\r\n</ul>\r\n<p>Donec ullamcorper nulla non metus auctor fringilla. Nulla vitae elit libero, a pharetra augue.</p>\r\n<ol>\r\n<li>Vestibulum id ligula porta felis euismod semper.</li>\r\n<li>Cum sociis natoque penatibus et magnis dis parturient montes, nascetur ridiculus mus.</li>\r\n<li>Maecenas sed diam eget risus varius blandit sit amet non magna.</li>\r\n</ol>\r\n<p>Cras mattis consectetur purus sit amet fermentum. Sed posuere consectetur est at lobortis.</p> ','0003030',50,NULL,NULL,8,NULL,1,'2013-08-24 07:08:05','2014-05-29 13:56:25',0,0,11,36,1,NULL,NULL,NULL,0,NULL,'0000-00-00','0000-00-00','0000-00-00','0000-00-00',0),(12,'Iphone 4s 16gb',NULL,'700.0000','<ul>\r\n<li>Praesent commodo cursus magna, vel scelerisque nisl consectetur et.</li>\r\n<li>Donec id elit non mi porta gravida at eget metus.</li>\r\n<li>Nulla vitae elit libero, a pharetra augue.</li>\r\n<li>Vestibulum id ligula porta felis euismod semper.</li>\r\n<li>Cum sociis natoque penatibus et magnis dis parturient montes, nascetur ridiculus mus.</li>\r\n<li>Maecenas sed diam eget risus varius blandit sit amet non magna.</li>\r\n</ul>','<p>Aenean lacinia bibendum nulla sed consectetur. Etiam porta sem malesuada magna mollis euismod. Fusce dapibus, tellus ac cursus commodo, tortor mauris condimentum nibh, ut fermentum massa.</p>\r\n<h3>Sub-heading</h3>\r\n<p>Cum sociis natoque penatibus et magnis dis parturient montes, nascetur ridiculus mus. Aenean lacinia bibendum nulla sed consectetur. Etiam porta sem malesuada magna mollis euismod. Fusce dapibus, tellus ac cursus commodo, tortor mauris condimentum nibh, ut fermentum massa justo sit amet risus.</p>\r\n<div class=\"text-center\"><img src=\"/media/product/samsung-galaxy-s4.jpg\"></div>\r\n<p>Cum sociis natoque penatibus et magnis dis parturient montes, nascetur ridiculus mus. Aenean lacinia bibendum nulla sed consectetur. Etiam porta sem malesuada magna mollis euismod. Fusce dapibus, tellus ac cursus commodo, tortor mauris condimentum nibh, ut fermentum massa justo sit amet risus.</p>\r\n<ul>\r\n<li>Praesent commodo cursus magna, vel scelerisque nisl consectetur et.</li>\r\n<li>Donec id elit non mi porta gravida at eget metus.</li>\r\n<li>Nulla vitae elit libero, a pharetra augue.</li>\r\n</ul>\r\n<p>Donec ullamcorper nulla non metus auctor fringilla. Nulla vitae elit libero, a pharetra augue.</p>\r\n<ol>\r\n<li>Vestibulum id ligula porta felis euismod semper.</li>\r\n<li>Cum sociis natoque penatibus et magnis dis parturient montes, nascetur ridiculus mus.</li>\r\n<li>Maecenas sed diam eget risus varius blandit sit amet non magna.</li>\r\n</ol>\r\n<p>Cras mattis consectetur purus sit amet fermentum. Sed posuere consectetur est at lobortis.</p> ','1020007',50,NULL,NULL,2,NULL,1,'2013-08-24 07:08:05','2014-05-29 13:56:25',1,0,12,1,1,NULL,NULL,NULL,0,NULL,'0000-00-00','0000-00-00','0000-00-00','0000-00-00',0),(13,'Lenovo P770',NULL,'200.0000','<ul>\r\n<li>Praesent commodo cursus magna, vel scelerisque nisl consectetur et.</li>\r\n<li>Donec id elit non mi porta gravida at eget metus.</li>\r\n<li>Nulla vitae elit libero, a pharetra augue.</li>\r\n<li>Vestibulum id ligula porta felis euismod semper.</li>\r\n<li>Cum sociis natoque penatibus et magnis dis parturient montes, nascetur ridiculus mus.</li>\r\n<li>Maecenas sed diam eget risus varius blandit sit amet non magna.</li>\r\n</ul>','<p>Aenean lacinia bibendum nulla sed consectetur. Etiam porta sem malesuada magna mollis euismod. Fusce dapibus, tellus ac cursus commodo, tortor mauris condimentum nibh, ut fermentum massa.</p>\r\n<h3>Sub-heading</h3>\r\n<p>Cum sociis natoque penatibus et magnis dis parturient montes, nascetur ridiculus mus. Aenean lacinia bibendum nulla sed consectetur. Etiam porta sem malesuada magna mollis euismod. Fusce dapibus, tellus ac cursus commodo, tortor mauris condimentum nibh, ut fermentum massa justo sit amet risus.</p>\r\n<div class=\"text-center\"><img src=\"/media/product/samsung-galaxy-s4.jpg\"></div>\r\n<p>Cum sociis natoque penatibus et magnis dis parturient montes, nascetur ridiculus mus. Aenean lacinia bibendum nulla sed consectetur. Etiam porta sem malesuada magna mollis euismod. Fusce dapibus, tellus ac cursus commodo, tortor mauris condimentum nibh, ut fermentum massa justo sit amet risus.</p>\r\n<ul>\r\n<li>Praesent commodo cursus magna, vel scelerisque nisl consectetur et.</li>\r\n<li>Donec id elit non mi porta gravida at eget metus.</li>\r\n<li>Nulla vitae elit libero, a pharetra augue.</li>\r\n</ul>\r\n<p>Donec ullamcorper nulla non metus auctor fringilla. Nulla vitae elit libero, a pharetra augue.</p>\r\n<ol>\r\n<li>Vestibulum id ligula porta felis euismod semper.</li>\r\n<li>Cum sociis natoque penatibus et magnis dis parturient montes, nascetur ridiculus mus.</li>\r\n<li>Maecenas sed diam eget risus varius blandit sit amet non magna.</li>\r\n</ol>\r\n<p>Cras mattis consectetur purus sit amet fermentum. Sed posuere consectetur est at lobortis.</p> ','0002981',50,NULL,NULL,5,NULL,1,'2013-08-24 07:08:05','2014-07-17 19:59:37',1,1,13,28,1,NULL,NULL,NULL,0,NULL,'0000-00-00','0000-00-00','0000-00-00','0000-00-00',0),(14,'Lenovo A800','lenovo-a800','150.0000','<ul>\r\n<li>Praesent commodo cursus magna, vel scelerisque nisl consectetur et.</li>\r\n<li>Donec id elit non mi porta gravida at eget metus.</li>\r\n<li>Nulla vitae elit libero, a pharetra augue.</li>\r\n<li>Vestibulum id ligula porta felis euismod semper.</li>\r\n<li>Cum sociis natoque penatibus et magnis dis parturient montes, nascetur ridiculus mus.</li>\r\n<li>Maecenas sed diam eget risus varius blandit sit amet non magna.</li>\r\n</ul>','<p>Aenean lacinia bibendum nulla sed consectetur. Etiam porta sem malesuada magna mollis euismod. Fusce dapibus, tellus ac cursus commodo, tortor mauris condimentum nibh, ut fermentum massa.</p>\r\n<h3>Sub-heading</h3>\r\n<p>Cum sociis natoque penatibus et magnis dis parturient montes, nascetur ridiculus mus. Aenean lacinia bibendum nulla sed consectetur. Etiam porta sem malesuada magna mollis euismod. Fusce dapibus, tellus ac cursus commodo, tortor mauris condimentum nibh, ut fermentum massa justo sit amet risus.</p>\r\n<div class=\"text-center\"><img src=\"/media/product/samsung-galaxy-s4.jpg\" alt=\"\" /></div>\r\n<p>Cum sociis natoque penatibus et magnis dis parturient montes, nascetur ridiculus mus. Aenean lacinia bibendum nulla sed consectetur. Etiam porta sem malesuada magna mollis euismod. Fusce dapibus, tellus ac cursus commodo, tortor mauris condimentum nibh, ut fermentum massa justo sit amet risus.</p>\r\n<ul>\r\n<li>Praesent commodo cursus magna, vel scelerisque nisl consectetur et.</li>\r\n<li>Donec id elit non mi porta gravida at eget metus.</li>\r\n<li>Nulla vitae elit libero, a pharetra augue.</li>\r\n</ul>\r\n<p>Donec ullamcorper nulla non metus auctor fringilla. Nulla vitae elit libero, a pharetra augue.</p>\r\n<ol>\r\n<li>Vestibulum id ligula porta felis euismod semper.</li>\r\n<li>Cum sociis natoque penatibus et magnis dis parturient montes, nascetur ridiculus mus.</li>\r\n<li>Maecenas sed diam eget risus varius blandit sit amet non magna.</li>\r\n</ol>\r\n<p>Cras mattis consectetur purus sit amet fermentum. Sed posuere consectetur est at lobortis.</p>','0002783',50,0,'0.00000000',5,NULL,1,'2013-09-04 02:35:22','2014-07-21 12:08:42',1,52,14,28,1,NULL,NULL,NULL,0,'0000-00-00 00:00:00','0000-00-00','0000-00-00','0000-00-00','0000-00-00',0),(15,'Lenovo A690',NULL,'110.0000','<ul>\r\n<li>Praesent commodo cursus magna, vel scelerisque nisl consectetur et.</li>\r\n<li>Donec id elit non mi porta gravida at eget metus.</li>\r\n<li>Nulla vitae elit libero, a pharetra augue.</li>\r\n<li>Vestibulum id ligula porta felis euismod semper.</li>\r\n<li>Cum sociis natoque penatibus et magnis dis parturient montes, nascetur ridiculus mus.</li>\r\n<li>Maecenas sed diam eget risus varius blandit sit amet non magna.</li>\r\n</ul>','<p>Aenean lacinia bibendum nulla sed consectetur. Etiam porta sem malesuada magna mollis euismod. Fusce dapibus, tellus ac cursus commodo, tortor mauris condimentum nibh, ut fermentum massa.</p>\r\n<h3>Sub-heading</h3>\r\n<p>Cum sociis natoque penatibus et magnis dis parturient montes, nascetur ridiculus mus. Aenean lacinia bibendum nulla sed consectetur. Etiam porta sem malesuada magna mollis euismod. Fusce dapibus, tellus ac cursus commodo, tortor mauris condimentum nibh, ut fermentum massa justo sit amet risus.</p>\r\n<div class=\"text-center\"><img src=\"/media/product/samsung-galaxy-s4.jpg\"></div>\r\n<p>Cum sociis natoque penatibus et magnis dis parturient montes, nascetur ridiculus mus. Aenean lacinia bibendum nulla sed consectetur. Etiam porta sem malesuada magna mollis euismod. Fusce dapibus, tellus ac cursus commodo, tortor mauris condimentum nibh, ut fermentum massa justo sit amet risus.</p>\r\n<ul>\r\n<li>Praesent commodo cursus magna, vel scelerisque nisl consectetur et.</li>\r\n<li>Donec id elit non mi porta gravida at eget metus.</li>\r\n<li>Nulla vitae elit libero, a pharetra augue.</li>\r\n</ul>\r\n<p>Donec ullamcorper nulla non metus auctor fringilla. Nulla vitae elit libero, a pharetra augue.</p>\r\n<ol>\r\n<li>Vestibulum id ligula porta felis euismod semper.</li>\r\n<li>Cum sociis natoque penatibus et magnis dis parturient montes, nascetur ridiculus mus.</li>\r\n<li>Maecenas sed diam eget risus varius blandit sit amet non magna.</li>\r\n</ol>\r\n<p>Cras mattis consectetur purus sit amet fermentum. Sed posuere consectetur est at lobortis.</p> ','0002630',50,NULL,NULL,5,NULL,1,'2013-08-24 07:08:05','2014-07-17 20:24:12',0,4,15,28,1,NULL,NULL,NULL,0,NULL,'0000-00-00','0000-00-00','0000-00-00','0000-00-00',0),(16,'Dell Inspiron 14-5423 Core I5-3317u/ram 4gb/hdd 500gb',NULL,'670.0000','<ul>\r\n<li>Praesent commodo cursus magna, vel scelerisque nisl consectetur et.</li>\r\n<li>Donec id elit non mi porta gravida at eget metus.</li>\r\n<li>Nulla vitae elit libero, a pharetra augue.</li>\r\n<li>Vestibulum id ligula porta felis euismod semper.</li>\r\n<li>Cum sociis natoque penatibus et magnis dis parturient montes, nascetur ridiculus mus.</li>\r\n<li>Maecenas sed diam eget risus varius blandit sit amet non magna.</li>\r\n</ul>','<p>Aenean lacinia bibendum nulla sed consectetur. Etiam porta sem malesuada magna mollis euismod. Fusce dapibus, tellus ac cursus commodo, tortor mauris condimentum nibh, ut fermentum massa.</p>\r\n<h3>Sub-heading</h3>\r\n<p>Cum sociis natoque penatibus et magnis dis parturient montes, nascetur ridiculus mus. Aenean lacinia bibendum nulla sed consectetur. Etiam porta sem malesuada magna mollis euismod. Fusce dapibus, tellus ac cursus commodo, tortor mauris condimentum nibh, ut fermentum massa justo sit amet risus.</p>\r\n<div class=\"text-center\"><img src=\"/media/product/samsung-galaxy-s4.jpg\"></div>\r\n<p>Cum sociis natoque penatibus et magnis dis parturient montes, nascetur ridiculus mus. Aenean lacinia bibendum nulla sed consectetur. Etiam porta sem malesuada magna mollis euismod. Fusce dapibus, tellus ac cursus commodo, tortor mauris condimentum nibh, ut fermentum massa justo sit amet risus.</p>\r\n<ul>\r\n<li>Praesent commodo cursus magna, vel scelerisque nisl consectetur et.</li>\r\n<li>Donec id elit non mi porta gravida at eget metus.</li>\r\n<li>Nulla vitae elit libero, a pharetra augue.</li>\r\n</ul>\r\n<p>Donec ullamcorper nulla non metus auctor fringilla. Nulla vitae elit libero, a pharetra augue.</p>\r\n<ol>\r\n<li>Vestibulum id ligula porta felis euismod semper.</li>\r\n<li>Cum sociis natoque penatibus et magnis dis parturient montes, nascetur ridiculus mus.</li>\r\n<li>Maecenas sed diam eget risus varius blandit sit amet non magna.</li>\r\n</ol>\r\n<p>Cras mattis consectetur purus sit amet fermentum. Sed posuere consectetur est at lobortis.</p> ','0003327',50,NULL,NULL,9,NULL,1,'2013-08-24 07:08:05','2014-05-29 13:56:25',2,0,16,26,2,NULL,NULL,NULL,0,NULL,'0000-00-00','0000-00-00','0000-00-00','0000-00-00',0),(17,'Acer Aspire V5-471g (core I3-2367m/4gb/500gb/14”hd)',NULL,'440.0000','<ul>\r\n<li>Praesent commodo cursus magna, vel scelerisque nisl consectetur et.</li>\r\n<li>Donec id elit non mi porta gravida at eget metus.</li>\r\n<li>Nulla vitae elit libero, a pharetra augue.</li>\r\n<li>Vestibulum id ligula porta felis euismod semper.</li>\r\n<li>Cum sociis natoque penatibus et magnis dis parturient montes, nascetur ridiculus mus.</li>\r\n<li>Maecenas sed diam eget risus varius blandit sit amet non magna.</li>\r\n</ul>','<p>Aenean lacinia bibendum nulla sed consectetur. Etiam porta sem malesuada magna mollis euismod. Fusce dapibus, tellus ac cursus commodo, tortor mauris condimentum nibh, ut fermentum massa.</p>\r\n<h3>Sub-heading</h3>\r\n<p>Cum sociis natoque penatibus et magnis dis parturient montes, nascetur ridiculus mus. Aenean lacinia bibendum nulla sed consectetur. Etiam porta sem malesuada magna mollis euismod. Fusce dapibus, tellus ac cursus commodo, tortor mauris condimentum nibh, ut fermentum massa justo sit amet risus.</p>\r\n<div class=\"text-center\"><img src=\"/media/product/samsung-galaxy-s4.jpg\"></div>\r\n<p>Cum sociis natoque penatibus et magnis dis parturient montes, nascetur ridiculus mus. Aenean lacinia bibendum nulla sed consectetur. Etiam porta sem malesuada magna mollis euismod. Fusce dapibus, tellus ac cursus commodo, tortor mauris condimentum nibh, ut fermentum massa justo sit amet risus.</p>\r\n<ul>\r\n<li>Praesent commodo cursus magna, vel scelerisque nisl consectetur et.</li>\r\n<li>Donec id elit non mi porta gravida at eget metus.</li>\r\n<li>Nulla vitae elit libero, a pharetra augue.</li>\r\n</ul>\r\n<p>Donec ullamcorper nulla non metus auctor fringilla. Nulla vitae elit libero, a pharetra augue.</p>\r\n<ol>\r\n<li>Vestibulum id ligula porta felis euismod semper.</li>\r\n<li>Cum sociis natoque penatibus et magnis dis parturient montes, nascetur ridiculus mus.</li>\r\n<li>Maecenas sed diam eget risus varius blandit sit amet non magna.</li>\r\n</ol>\r\n<p>Cras mattis consectetur purus sit amet fermentum. Sed posuere consectetur est at lobortis.</p> ','3010081',20,NULL,NULL,10,NULL,1,'2013-08-24 07:08:05','2014-05-29 13:56:25',3,0,17,22,2,NULL,NULL,NULL,0,NULL,'0000-00-00','0000-00-00','0000-00-00','0000-00-00',0),(18,'Macbook Air 13.3 Inch 2012 Md231zp/a',NULL,'110.0000','<ul>\r\n<li>Praesent commodo cursus magna, vel scelerisque nisl consectetur et.</li>\r\n<li>Donec id elit non mi porta gravida at eget metus.</li>\r\n<li>Nulla vitae elit libero, a pharetra augue.</li>\r\n<li>Vestibulum id ligula porta felis euismod semper.</li>\r\n<li>Cum sociis natoque penatibus et magnis dis parturient montes, nascetur ridiculus mus.</li>\r\n<li>Maecenas sed diam eget risus varius blandit sit amet non magna.</li>\r\n</ul>','<p>Aenean lacinia bibendum nulla sed consectetur. Etiam porta sem malesuada magna mollis euismod. Fusce dapibus, tellus ac cursus commodo, tortor mauris condimentum nibh, ut fermentum massa.</p>\r\n<h3>Sub-heading</h3>\r\n<p>Cum sociis natoque penatibus et magnis dis parturient montes, nascetur ridiculus mus. Aenean lacinia bibendum nulla sed consectetur. Etiam porta sem malesuada magna mollis euismod. Fusce dapibus, tellus ac cursus commodo, tortor mauris condimentum nibh, ut fermentum massa justo sit amet risus.</p>\r\n<div class=\"text-center\"><img src=\"/media/product/samsung-galaxy-s4.jpg\"></div>\r\n<p>Cum sociis natoque penatibus et magnis dis parturient montes, nascetur ridiculus mus. Aenean lacinia bibendum nulla sed consectetur. Etiam porta sem malesuada magna mollis euismod. Fusce dapibus, tellus ac cursus commodo, tortor mauris condimentum nibh, ut fermentum massa justo sit amet risus.</p>\r\n<ul>\r\n<li>Praesent commodo cursus magna, vel scelerisque nisl consectetur et.</li>\r\n<li>Donec id elit non mi porta gravida at eget metus.</li>\r\n<li>Nulla vitae elit libero, a pharetra augue.</li>\r\n</ul>\r\n<p>Donec ullamcorper nulla non metus auctor fringilla. Nulla vitae elit libero, a pharetra augue.</p>\r\n<ol>\r\n<li>Vestibulum id ligula porta felis euismod semper.</li>\r\n<li>Cum sociis natoque penatibus et magnis dis parturient montes, nascetur ridiculus mus.</li>\r\n<li>Maecenas sed diam eget risus varius blandit sit amet non magna.</li>\r\n</ol>\r\n<p>Cras mattis consectetur purus sit amet fermentum. Sed posuere consectetur est at lobortis.</p> ','3020111',50,NULL,NULL,2,NULL,1,'2013-08-24 07:08:05','2014-05-29 13:56:25',0,0,18,24,2,NULL,NULL,NULL,0,NULL,'0000-00-00','0000-00-00','0000-00-00','0000-00-00',0),(19,'Hp Envy 4 - 1012tu',NULL,'120.0000','<ul>\r\n<li>Praesent commodo cursus magna, vel scelerisque nisl consectetur et.</li>\r\n<li>Donec id elit non mi porta gravida at eget metus.</li>\r\n<li>Nulla vitae elit libero, a pharetra augue.</li>\r\n<li>Vestibulum id ligula porta felis euismod semper.</li>\r\n<li>Cum sociis natoque penatibus et magnis dis parturient montes, nascetur ridiculus mus.</li>\r\n<li>Maecenas sed diam eget risus varius blandit sit amet non magna.</li>\r\n</ul>','<p>Aenean lacinia bibendum nulla sed consectetur. Etiam porta sem malesuada magna mollis euismod. Fusce dapibus, tellus ac cursus commodo, tortor mauris condimentum nibh, ut fermentum massa.</p>\r\n<h3>Sub-heading</h3>\r\n<p>Cum sociis natoque penatibus et magnis dis parturient montes, nascetur ridiculus mus. Aenean lacinia bibendum nulla sed consectetur. Etiam porta sem malesuada magna mollis euismod. Fusce dapibus, tellus ac cursus commodo, tortor mauris condimentum nibh, ut fermentum massa justo sit amet risus.</p>\r\n<div class=\"text-center\"><img src=\"/media/product/samsung-galaxy-s4.jpg\"></div>\r\n<p>Cum sociis natoque penatibus et magnis dis parturient montes, nascetur ridiculus mus. Aenean lacinia bibendum nulla sed consectetur. Etiam porta sem malesuada magna mollis euismod. Fusce dapibus, tellus ac cursus commodo, tortor mauris condimentum nibh, ut fermentum massa justo sit amet risus.</p>\r\n<ul>\r\n<li>Praesent commodo cursus magna, vel scelerisque nisl consectetur et.</li>\r\n<li>Donec id elit non mi porta gravida at eget metus.</li>\r\n<li>Nulla vitae elit libero, a pharetra augue.</li>\r\n</ul>\r\n<p>Donec ullamcorper nulla non metus auctor fringilla. Nulla vitae elit libero, a pharetra augue.</p>\r\n<ol>\r\n<li>Vestibulum id ligula porta felis euismod semper.</li>\r\n<li>Cum sociis natoque penatibus et magnis dis parturient montes, nascetur ridiculus mus.</li>\r\n<li>Maecenas sed diam eget risus varius blandit sit amet non magna.</li>\r\n</ol>\r\n<p>Cras mattis consectetur purus sit amet fermentum. Sed posuere consectetur est at lobortis.</p> ','0000047',50,NULL,NULL,11,NULL,1,'2013-08-24 07:08:05','2014-05-29 13:56:25',0,0,19,23,2,NULL,NULL,NULL,0,NULL,'0000-00-00','0000-00-00','0000-00-00','0000-00-00',0),(20,'Toshiba Satellite M840-1020 (core I3-2370m/2gb/500gb/intel Hd 4000/14”hd)',NULL,'99.0000','<ul>\r\n<li>Praesent commodo cursus magna, vel scelerisque nisl consectetur et.</li>\r\n<li>Donec id elit non mi porta gravida at eget metus.</li>\r\n<li>Nulla vitae elit libero, a pharetra augue.</li>\r\n<li>Vestibulum id ligula porta felis euismod semper.</li>\r\n<li>Cum sociis natoque penatibus et magnis dis parturient montes, nascetur ridiculus mus.</li>\r\n<li>Maecenas sed diam eget risus varius blandit sit amet non magna.</li>\r\n</ul>','<p>Aenean lacinia bibendum nulla sed consectetur. Etiam porta sem malesuada magna mollis euismod. Fusce dapibus, tellus ac cursus commodo, tortor mauris condimentum nibh, ut fermentum massa.</p>\r\n<h3>Sub-heading</h3>\r\n<p>Cum sociis natoque penatibus et magnis dis parturient montes, nascetur ridiculus mus. Aenean lacinia bibendum nulla sed consectetur. Etiam porta sem malesuada magna mollis euismod. Fusce dapibus, tellus ac cursus commodo, tortor mauris condimentum nibh, ut fermentum massa justo sit amet risus.</p>\r\n<div class=\"text-center\"><img src=\"/media/product/samsung-galaxy-s4.jpg\"></div>\r\n<p>Cum sociis natoque penatibus et magnis dis parturient montes, nascetur ridiculus mus. Aenean lacinia bibendum nulla sed consectetur. Etiam porta sem malesuada magna mollis euismod. Fusce dapibus, tellus ac cursus commodo, tortor mauris condimentum nibh, ut fermentum massa justo sit amet risus.</p>\r\n<ul>\r\n<li>Praesent commodo cursus magna, vel scelerisque nisl consectetur et.</li>\r\n<li>Donec id elit non mi porta gravida at eget metus.</li>\r\n<li>Nulla vitae elit libero, a pharetra augue.</li>\r\n</ul>\r\n<p>Donec ullamcorper nulla non metus auctor fringilla. Nulla vitae elit libero, a pharetra augue.</p>\r\n<ol>\r\n<li>Vestibulum id ligula porta felis euismod semper.</li>\r\n<li>Cum sociis natoque penatibus et magnis dis parturient montes, nascetur ridiculus mus.</li>\r\n<li>Maecenas sed diam eget risus varius blandit sit amet non magna.</li>\r\n</ol>\r\n<p>Cras mattis consectetur purus sit amet fermentum. Sed posuere consectetur est at lobortis.</p> ','3190063',20,NULL,NULL,12,NULL,1,'2013-08-25 03:17:32','2014-05-29 13:56:25',0,0,20,48,2,NULL,NULL,NULL,0,NULL,'0000-00-00','0000-00-00','0000-00-00','0000-00-00',0),(21,'Dell Vostro V3360-core I5-3337u',NULL,'730.0000','<ul>\r\n<li>Praesent commodo cursus magna, vel scelerisque nisl consectetur et.</li>\r\n<li>Donec id elit non mi porta gravida at eget metus.</li>\r\n<li>Nulla vitae elit libero, a pharetra augue.</li>\r\n<li>Vestibulum id ligula porta felis euismod semper.</li>\r\n<li>Cum sociis natoque penatibus et magnis dis parturient montes, nascetur ridiculus mus.</li>\r\n<li>Maecenas sed diam eget risus varius blandit sit amet non magna.</li>\r\n</ul>','<p>Aenean lacinia bibendum nulla sed consectetur. Etiam porta sem malesuada magna mollis euismod. Fusce dapibus, tellus ac cursus commodo, tortor mauris condimentum nibh, ut fermentum massa.</p>\r\n<h3>Sub-heading</h3>\r\n<p>Cum sociis natoque penatibus et magnis dis parturient montes, nascetur ridiculus mus. Aenean lacinia bibendum nulla sed consectetur. Etiam porta sem malesuada magna mollis euismod. Fusce dapibus, tellus ac cursus commodo, tortor mauris condimentum nibh, ut fermentum massa justo sit amet risus.</p>\r\n<div class=\"text-center\"><img src=\"/media/product/samsung-galaxy-s4.jpg\"></div>\r\n<p>Cum sociis natoque penatibus et magnis dis parturient montes, nascetur ridiculus mus. Aenean lacinia bibendum nulla sed consectetur. Etiam porta sem malesuada magna mollis euismod. Fusce dapibus, tellus ac cursus commodo, tortor mauris condimentum nibh, ut fermentum massa justo sit amet risus.</p>\r\n<ul>\r\n<li>Praesent commodo cursus magna, vel scelerisque nisl consectetur et.</li>\r\n<li>Donec id elit non mi porta gravida at eget metus.</li>\r\n<li>Nulla vitae elit libero, a pharetra augue.</li>\r\n</ul>\r\n<p>Donec ullamcorper nulla non metus auctor fringilla. Nulla vitae elit libero, a pharetra augue.</p>\r\n<ol>\r\n<li>Vestibulum id ligula porta felis euismod semper.</li>\r\n<li>Cum sociis natoque penatibus et magnis dis parturient montes, nascetur ridiculus mus.</li>\r\n<li>Maecenas sed diam eget risus varius blandit sit amet non magna.</li>\r\n</ol>\r\n<p>Cras mattis consectetur purus sit amet fermentum. Sed posuere consectetur est at lobortis.</p> ','0003743',50,NULL,NULL,9,NULL,1,'2013-08-24 07:08:05','2014-05-27 04:21:45',0,0,21,26,2,NULL,NULL,NULL,0,NULL,'0000-00-00','0000-00-00','0000-00-00','0000-00-00',0),(22,'Asus K55vd (core I5-3210m/4gb/500gb/geforce Gt610m/15.6\"hd)',NULL,'700.0000','<ul>\r\n<li>Praesent commodo cursus magna, vel scelerisque nisl consectetur et.</li>\r\n<li>Donec id elit non mi porta gravida at eget metus.</li>\r\n<li>Nulla vitae elit libero, a pharetra augue.</li>\r\n<li>Vestibulum id ligula porta felis euismod semper.</li>\r\n<li>Cum sociis natoque penatibus et magnis dis parturient montes, nascetur ridiculus mus.</li>\r\n<li>Maecenas sed diam eget risus varius blandit sit amet non magna.</li>\r\n</ul>','<p>Aenean lacinia bibendum nulla sed consectetur. Etiam porta sem malesuada magna mollis euismod. Fusce dapibus, tellus ac cursus commodo, tortor mauris condimentum nibh, ut fermentum massa.</p>\r\n<h3>Sub-heading</h3>\r\n<p>Cum sociis natoque penatibus et magnis dis parturient montes, nascetur ridiculus mus. Aenean lacinia bibendum nulla sed consectetur. Etiam porta sem malesuada magna mollis euismod. Fusce dapibus, tellus ac cursus commodo, tortor mauris condimentum nibh, ut fermentum massa justo sit amet risus.</p>\r\n<div class=\"text-center\"><img src=\"/media/product/samsung-galaxy-s4.jpg\"></div>\r\n<p>Cum sociis natoque penatibus et magnis dis parturient montes, nascetur ridiculus mus. Aenean lacinia bibendum nulla sed consectetur. Etiam porta sem malesuada magna mollis euismod. Fusce dapibus, tellus ac cursus commodo, tortor mauris condimentum nibh, ut fermentum massa justo sit amet risus.</p>\r\n<ul>\r\n<li>Praesent commodo cursus magna, vel scelerisque nisl consectetur et.</li>\r\n<li>Donec id elit non mi porta gravida at eget metus.</li>\r\n<li>Nulla vitae elit libero, a pharetra augue.</li>\r\n</ul>\r\n<p>Donec ullamcorper nulla non metus auctor fringilla. Nulla vitae elit libero, a pharetra augue.</p>\r\n<ol>\r\n<li>Vestibulum id ligula porta felis euismod semper.</li>\r\n<li>Cum sociis natoque penatibus et magnis dis parturient montes, nascetur ridiculus mus.</li>\r\n<li>Maecenas sed diam eget risus varius blandit sit amet non magna.</li>\r\n</ol>\r\n<p>Cras mattis consectetur purus sit amet fermentum. Sed posuere consectetur est at lobortis.</p> ','0000401',20,NULL,NULL,13,NULL,1,'2013-08-24 07:08:05','2014-05-27 04:21:45',0,0,22,25,2,NULL,NULL,NULL,0,NULL,'0000-00-00','0000-00-00','0000-00-00','0000-00-00',0),(23,'Sony Vaio E Series Sve1412ecx (core I3-3110m/4gb/320gb/intel Hd 4000/14”hd)',NULL,'600.0000','<ul>\r\n<li>Praesent commodo cursus magna, vel scelerisque nisl consectetur et.</li>\r\n<li>Donec id elit non mi porta gravida at eget metus.</li>\r\n<li>Nulla vitae elit libero, a pharetra augue.</li>\r\n<li>Vestibulum id ligula porta felis euismod semper.</li>\r\n<li>Cum sociis natoque penatibus et magnis dis parturient montes, nascetur ridiculus mus.</li>\r\n<li>Maecenas sed diam eget risus varius blandit sit amet non magna.</li>\r\n</ul>','<p>Aenean lacinia bibendum nulla sed consectetur. Etiam porta sem malesuada magna mollis euismod. Fusce dapibus, tellus ac cursus commodo, tortor mauris condimentum nibh, ut fermentum massa.</p>\r\n<h3>Sub-heading</h3>\r\n<p>Cum sociis natoque penatibus et magnis dis parturient montes, nascetur ridiculus mus. Aenean lacinia bibendum nulla sed consectetur. Etiam porta sem malesuada magna mollis euismod. Fusce dapibus, tellus ac cursus commodo, tortor mauris condimentum nibh, ut fermentum massa justo sit amet risus.</p>\r\n<div class=\"text-center\"><img src=\"/media/product/samsung-galaxy-s4.jpg\"></div>\r\n<p>Cum sociis natoque penatibus et magnis dis parturient montes, nascetur ridiculus mus. Aenean lacinia bibendum nulla sed consectetur. Etiam porta sem malesuada magna mollis euismod. Fusce dapibus, tellus ac cursus commodo, tortor mauris condimentum nibh, ut fermentum massa justo sit amet risus.</p>\r\n<ul>\r\n<li>Praesent commodo cursus magna, vel scelerisque nisl consectetur et.</li>\r\n<li>Donec id elit non mi porta gravida at eget metus.</li>\r\n<li>Nulla vitae elit libero, a pharetra augue.</li>\r\n</ul>\r\n<p>Donec ullamcorper nulla non metus auctor fringilla. Nulla vitae elit libero, a pharetra augue.</p>\r\n<ol>\r\n<li>Vestibulum id ligula porta felis euismod semper.</li>\r\n<li>Cum sociis natoque penatibus et magnis dis parturient montes, nascetur ridiculus mus.</li>\r\n<li>Maecenas sed diam eget risus varius blandit sit amet non magna.</li>\r\n</ol>\r\n<p>Cras mattis consectetur purus sit amet fermentum. Sed posuere consectetur est at lobortis.</p> ','0002955',20,NULL,NULL,8,NULL,1,'2013-08-24 07:08:05','2014-06-13 15:28:13',0,1,2,34,2,NULL,NULL,NULL,0,NULL,'0000-00-00','0000-00-00','0000-00-00','0000-00-00',0),(24,'Sony Vaio E Series Sve14135cx (core I5-3230m/6gb/1tb/intel Hd 4000/14”hd)',NULL,'800.0000','<ul>\r\n<li>Praesent commodo cursus magna, vel scelerisque nisl consectetur et.</li>\r\n<li>Donec id elit non mi porta gravida at eget metus.</li>\r\n<li>Nulla vitae elit libero, a pharetra augue.</li>\r\n<li>Vestibulum id ligula porta felis euismod semper.</li>\r\n<li>Cum sociis natoque penatibus et magnis dis parturient montes, nascetur ridiculus mus.</li>\r\n<li>Maecenas sed diam eget risus varius blandit sit amet non magna.</li>\r\n</ul>','<p>Aenean lacinia bibendum nulla sed consectetur. Etiam porta sem malesuada magna mollis euismod. Fusce dapibus, tellus ac cursus commodo, tortor mauris condimentum nibh, ut fermentum massa.</p>\r\n<h3>Sub-heading</h3>\r\n<p>Cum sociis natoque penatibus et magnis dis parturient montes, nascetur ridiculus mus. Aenean lacinia bibendum nulla sed consectetur. Etiam porta sem malesuada magna mollis euismod. Fusce dapibus, tellus ac cursus commodo, tortor mauris condimentum nibh, ut fermentum massa justo sit amet risus.</p>\r\n<div class=\"text-center\"><img src=\"/media/product/samsung-galaxy-s4.jpg\"></div>\r\n<p>Cum sociis natoque penatibus et magnis dis parturient montes, nascetur ridiculus mus. Aenean lacinia bibendum nulla sed consectetur. Etiam porta sem malesuada magna mollis euismod. Fusce dapibus, tellus ac cursus commodo, tortor mauris condimentum nibh, ut fermentum massa justo sit amet risus.</p>\r\n<ul>\r\n<li>Praesent commodo cursus magna, vel scelerisque nisl consectetur et.</li>\r\n<li>Donec id elit non mi porta gravida at eget metus.</li>\r\n<li>Nulla vitae elit libero, a pharetra augue.</li>\r\n</ul>\r\n<p>Donec ullamcorper nulla non metus auctor fringilla. Nulla vitae elit libero, a pharetra augue.</p>\r\n<ol>\r\n<li>Vestibulum id ligula porta felis euismod semper.</li>\r\n<li>Cum sociis natoque penatibus et magnis dis parturient montes, nascetur ridiculus mus.</li>\r\n<li>Maecenas sed diam eget risus varius blandit sit amet non magna.</li>\r\n</ol>\r\n<p>Cras mattis consectetur purus sit amet fermentum. Sed posuere consectetur est at lobortis.</p> ','0003141',20,NULL,NULL,8,NULL,1,'2013-08-24 07:08:05','2014-05-27 04:21:45',2,0,22,34,2,NULL,NULL,NULL,0,NULL,'0000-00-00','0000-00-00','0000-00-00','0000-00-00',0),(31,'Samsung Galaxy Note 10.1 N8000','samsung-galaxy-note-101-n8000','670.0000','<ul>\r\n<li>Praesent commodo cursus magna, vel scelerisque nisl consectetur et.</li>\r\n<li>Donec id elit non mi porta gravida at eget metus.</li>\r\n<li>Nulla vitae elit libero, a pharetra augue.</li>\r\n<li>Vestibulum id ligula porta felis euismod semper.</li>\r\n<li>Cum sociis natoque penatibus et magnis dis parturient montes, nascetur ridiculus mus.</li>\r\n<li>Maecenas sed diam eget risus varius blandit sit amet non magna.</li>\r\n</ul>','<p>Aenean lacinia bibendum nulla sed consectetur. Etiam porta sem malesuada magna mollis euismod. Fusce dapibus, tellus ac cursus commodo, tortor mauris condimentum nibh, ut fermentum massa.</p>\r\n<h3>Sub-heading</h3>\r\n<p>Cum sociis natoque penatibus et magnis dis parturient montes, nascetur ridiculus mus. Aenean lacinia bibendum nulla sed consectetur. Etiam porta sem malesuada magna mollis euismod. Fusce dapibus, tellus ac cursus commodo, tortor mauris condimentum nibh, ut fermentum massa justo sit amet risus.</p>\r\n<div class=\"text-center\"><img src=\"/media/product/samsung-galaxy-s4.jpg\"></div>\r\n<p>Cum sociis natoque penatibus et magnis dis parturient montes, nascetur ridiculus mus. Aenean lacinia bibendum nulla sed consectetur. Etiam porta sem malesuada magna mollis euismod. Fusce dapibus, tellus ac cursus commodo, tortor mauris condimentum nibh, ut fermentum massa justo sit amet risus.</p>\r\n<ul>\r\n<li>Praesent commodo cursus magna, vel scelerisque nisl consectetur et.</li>\r\n<li>Donec id elit non mi porta gravida at eget metus.</li>\r\n<li>Nulla vitae elit libero, a pharetra augue.</li>\r\n</ul>\r\n<p>Donec ullamcorper nulla non metus auctor fringilla. Nulla vitae elit libero, a pharetra augue.</p>\r\n<ol>\r\n<li>Vestibulum id ligula porta felis euismod semper.</li>\r\n<li>Cum sociis natoque penatibus et magnis dis parturient montes, nascetur ridiculus mus.</li>\r\n<li>Maecenas sed diam eget risus varius blandit sit amet non magna.</li>\r\n</ol>\r\n<p>Cras mattis consectetur purus sit amet fermentum. Sed posuere consectetur est at lobortis.</p> ','0000525',50,0,NULL,3,NULL,1,'2013-08-24 07:08:05','2014-06-11 09:15:23',0,1,NULL,49,3,NULL,NULL,NULL,0,'0000-00-00 00:00:00','0000-00-00','0000-00-00','0000-00-00','0000-00-00',0),(32,'Ipad Mini 16gb Wifi 4g','ipad-mini-16gb-wifi-4g','500.0000','<ul>\r\n<li>Praesent commodo cursus magna, vel scelerisque nisl consectetur et.</li>\r\n<li>Donec id elit non mi porta gravida at eget metus.</li>\r\n<li>Nulla vitae elit libero, a pharetra augue.</li>\r\n<li>Vestibulum id ligula porta felis euismod semper.</li>\r\n<li>Cum sociis natoque penatibus et magnis dis parturient montes, nascetur ridiculus mus.</li>\r\n<li>Maecenas sed diam eget risus varius blandit sit amet non magna.</li>\r\n</ul>','<p>Aenean lacinia bibendum nulla sed consectetur. Etiam porta sem malesuada magna mollis euismod. Fusce dapibus, tellus ac cursus commodo, tortor mauris condimentum nibh, ut fermentum massa.</p>\r\n<h3>Sub-heading</h3>\r\n<p>Cum sociis natoque penatibus et magnis dis parturient montes, nascetur ridiculus mus. Aenean lacinia bibendum nulla sed consectetur. Etiam porta sem malesuada magna mollis euismod. Fusce dapibus, tellus ac cursus commodo, tortor mauris condimentum nibh, ut fermentum massa justo sit amet risus.</p>\r\n<div class=\"text-center\"><img src=\"/media/product/samsung-galaxy-s4.jpg\"></div>\r\n<p>Cum sociis natoque penatibus et magnis dis parturient montes, nascetur ridiculus mus. Aenean lacinia bibendum nulla sed consectetur. Etiam porta sem malesuada magna mollis euismod. Fusce dapibus, tellus ac cursus commodo, tortor mauris condimentum nibh, ut fermentum massa justo sit amet risus.</p>\r\n<ul>\r\n<li>Praesent commodo cursus magna, vel scelerisque nisl consectetur et.</li>\r\n<li>Donec id elit non mi porta gravida at eget metus.</li>\r\n<li>Nulla vitae elit libero, a pharetra augue.</li>\r\n</ul>\r\n<p>Donec ullamcorper nulla non metus auctor fringilla. Nulla vitae elit libero, a pharetra augue.</p>\r\n<ol>\r\n<li>Vestibulum id ligula porta felis euismod semper.</li>\r\n<li>Cum sociis natoque penatibus et magnis dis parturient montes, nascetur ridiculus mus.</li>\r\n<li>Maecenas sed diam eget risus varius blandit sit amet non magna.</li>\r\n</ol>\r\n<p>Cras mattis consectetur purus sit amet fermentum. Sed posuere consectetur est at lobortis.</p> ','0002326',20,0,NULL,2,NULL,1,'2013-08-24 07:08:05','2014-06-05 04:51:16',0,0,NULL,30,3,NULL,NULL,NULL,0,'0000-00-00 00:00:00','0000-00-00','0000-00-00','0000-00-00','0000-00-00',0),(33,'CANON 115HS',NULL,'200.0000','<ul>\r\n<li>Praesent commodo cursus magna, vel scelerisque nisl consectetur et.</li>\r\n<li>Donec id elit non mi porta gravida at eget metus.</li>\r\n<li>Nulla vitae elit libero, a pharetra augue.</li>\r\n<li>Vestibulum id ligula porta felis euismod semper.</li>\r\n<li>Cum sociis natoque penatibus et magnis dis parturient montes, nascetur ridiculus mus.</li>\r\n<li>Maecenas sed diam eget risus varius blandit sit amet non magna.</li>\r\n</ul>','<p>Aenean lacinia bibendum nulla sed consectetur. Etiam porta sem malesuada magna mollis euismod. Fusce dapibus, tellus ac cursus commodo, tortor mauris condimentum nibh, ut fermentum massa.</p>\r\n<h3>Sub-heading</h3>\r\n<p>Cum sociis natoque penatibus et magnis dis parturient montes, nascetur ridiculus mus. Aenean lacinia bibendum nulla sed consectetur. Etiam porta sem malesuada magna mollis euismod. Fusce dapibus, tellus ac cursus commodo, tortor mauris condimentum nibh, ut fermentum massa justo sit amet risus.</p>\r\n<div class=\"text-center\"><img src=\"/media/product/samsung-galaxy-s4.jpg\"></div>\r\n<p>Cum sociis natoque penatibus et magnis dis parturient montes, nascetur ridiculus mus. Aenean lacinia bibendum nulla sed consectetur. Etiam porta sem malesuada magna mollis euismod. Fusce dapibus, tellus ac cursus commodo, tortor mauris condimentum nibh, ut fermentum massa justo sit amet risus.</p>\r\n<ul>\r\n<li>Praesent commodo cursus magna, vel scelerisque nisl consectetur et.</li>\r\n<li>Donec id elit non mi porta gravida at eget metus.</li>\r\n<li>Nulla vitae elit libero, a pharetra augue.</li>\r\n</ul>\r\n<p>Donec ullamcorper nulla non metus auctor fringilla. Nulla vitae elit libero, a pharetra augue.</p>\r\n<ol>\r\n<li>Vestibulum id ligula porta felis euismod semper.</li>\r\n<li>Cum sociis natoque penatibus et magnis dis parturient montes, nascetur ridiculus mus.</li>\r\n<li>Maecenas sed diam eget risus varius blandit sit amet non magna.</li>\r\n</ol>\r\n<p>Cras mattis consectetur purus sit amet fermentum. Sed posuere consectetur est at lobortis.</p> ','2040001',20,NULL,NULL,14,NULL,1,'2013-08-28 02:57:52','2014-05-27 04:21:45',1,0,NULL,51,4,NULL,NULL,NULL,0,NULL,'0000-00-00','0000-00-00','0000-00-00','0000-00-00',0),(37,'SAMSUNG GALAXY CAMERA GC100',NULL,'300.0000','<ul>\r\n<li>Praesent commodo cursus magna, vel scelerisque nisl consectetur et.</li>\r\n<li>Donec id elit non mi porta gravida at eget metus.</li>\r\n<li>Nulla vitae elit libero, a pharetra augue.</li>\r\n<li>Vestibulum id ligula porta felis euismod semper.</li>\r\n<li>Cum sociis natoque penatibus et magnis dis parturient montes, nascetur ridiculus mus.</li>\r\n<li>Maecenas sed diam eget risus varius blandit sit amet non magna.</li>\r\n</ul>','<p>Aenean lacinia bibendum nulla sed consectetur. Etiam porta sem malesuada magna mollis euismod. Fusce dapibus, tellus ac cursus commodo, tortor mauris condimentum nibh, ut fermentum massa.</p>\r\n<h3>Sub-heading</h3>\r\n<p>Cum sociis natoque penatibus et magnis dis parturient montes, nascetur ridiculus mus. Aenean lacinia bibendum nulla sed consectetur. Etiam porta sem malesuada magna mollis euismod. Fusce dapibus, tellus ac cursus commodo, tortor mauris condimentum nibh, ut fermentum massa justo sit amet risus.</p>\r\n<div class=\"text-center\"><img src=\"/media/product/samsung-galaxy-s4.jpg\"></div>\r\n<p>Cum sociis natoque penatibus et magnis dis parturient montes, nascetur ridiculus mus. Aenean lacinia bibendum nulla sed consectetur. Etiam porta sem malesuada magna mollis euismod. Fusce dapibus, tellus ac cursus commodo, tortor mauris condimentum nibh, ut fermentum massa justo sit amet risus.</p>\r\n<ul>\r\n<li>Praesent commodo cursus magna, vel scelerisque nisl consectetur et.</li>\r\n<li>Donec id elit non mi porta gravida at eget metus.</li>\r\n<li>Nulla vitae elit libero, a pharetra augue.</li>\r\n</ul>\r\n<p>Donec ullamcorper nulla non metus auctor fringilla. Nulla vitae elit libero, a pharetra augue.</p>\r\n<ol>\r\n<li>Vestibulum id ligula porta felis euismod semper.</li>\r\n<li>Cum sociis natoque penatibus et magnis dis parturient montes, nascetur ridiculus mus.</li>\r\n<li>Maecenas sed diam eget risus varius blandit sit amet non magna.</li>\r\n</ol>\r\n<p>Cras mattis consectetur purus sit amet fermentum. Sed posuere consectetur est at lobortis.</p> ','0002345',20,NULL,NULL,3,NULL,1,'2013-08-28 03:10:00','2014-06-13 15:29:43',1,4,NULL,52,4,NULL,NULL,NULL,0,NULL,'0000-00-00','0000-00-00','0000-00-00','0000-00-00',0),(38,'THIẾT BỊ LƯU TRỮ USB TRANSCEND JF300 8GB',NULL,'159000.0000','<ul>\r\n<li>Praesent commodo cursus magna, vel scelerisque nisl consectetur et.</li>\r\n<li>Donec id elit non mi porta gravida at eget metus.</li>\r\n<li>Nulla vitae elit libero, a pharetra augue.</li>\r\n<li>Vestibulum id ligula porta felis euismod semper.</li>\r\n<li>Cum sociis natoque penatibus et magnis dis parturient montes, nascetur ridiculus mus.</li>\r\n<li>Maecenas sed diam eget risus varius blandit sit amet non magna.</li>\r\n</ul>','<p>Aenean lacinia bibendum nulla sed consectetur. Etiam porta sem malesuada magna mollis euismod. Fusce dapibus, tellus ac cursus commodo, tortor mauris condimentum nibh, ut fermentum massa.</p>\r\n<h3>Sub-heading</h3>\r\n<p>Cum sociis natoque penatibus et magnis dis parturient montes, nascetur ridiculus mus. Aenean lacinia bibendum nulla sed consectetur. Etiam porta sem malesuada magna mollis euismod. Fusce dapibus, tellus ac cursus commodo, tortor mauris condimentum nibh, ut fermentum massa justo sit amet risus.</p>\r\n<div class=\"text-center\"><img src=\"/media/product/samsung-galaxy-s4.jpg\"></div>\r\n<p>Cum sociis natoque penatibus et magnis dis parturient montes, nascetur ridiculus mus. Aenean lacinia bibendum nulla sed consectetur. Etiam porta sem malesuada magna mollis euismod. Fusce dapibus, tellus ac cursus commodo, tortor mauris condimentum nibh, ut fermentum massa justo sit amet risus.</p>\r\n<ul>\r\n<li>Praesent commodo cursus magna, vel scelerisque nisl consectetur et.</li>\r\n<li>Donec id elit non mi porta gravida at eget metus.</li>\r\n<li>Nulla vitae elit libero, a pharetra augue.</li>\r\n</ul>\r\n<p>Donec ullamcorper nulla non metus auctor fringilla. Nulla vitae elit libero, a pharetra augue.</p>\r\n<ol>\r\n<li>Vestibulum id ligula porta felis euismod semper.</li>\r\n<li>Cum sociis natoque penatibus et magnis dis parturient montes, nascetur ridiculus mus.</li>\r\n<li>Maecenas sed diam eget risus varius blandit sit amet non magna.</li>\r\n</ol>\r\n<p>Cras mattis consectetur purus sit amet fermentum. Sed posuere consectetur est at lobortis.</p> ','4031108',20,NULL,NULL,15,NULL,1,'2013-08-28 03:14:23','2014-05-27 04:21:45',0,0,NULL,46,5,NULL,NULL,NULL,0,NULL,'0000-00-00','0000-00-00','0000-00-00','0000-00-00',0);

/*Table structure for table `product_attribute_value` */

DROP TABLE IF EXISTS `product_attribute_value`;

CREATE TABLE `product_attribute_value` (
  `id` int(11) NOT NULL AUTO_INCREMENT,
  `product_id` int(11) DEFAULT NULL,
  `attr_id` int(11) DEFAULT NULL,
  `attr_value` text,
  PRIMARY KEY (`id`),
  KEY `Index_2` (`product_id`)
) ENGINE=InnoDB AUTO_INCREMENT=8346 DEFAULT CHARSET=utf8;

/*Data for the table `product_attribute_value` */

insert  into `product_attribute_value`(`id`,`product_id`,`attr_id`,`attr_value`) values (145,3,1,'iOS 6'),(146,3,2,'Apple A6'),(147,3,3,'Apple A6'),(148,3,4,'PowerVR SGX 543MP3 (triple-core graphics)'),(149,3,5,'123.8 x 58.5 x 7.6 mm'),(152,3,10,'4.0 inches'),(168,3,25,'Wi-Fi 802.11 a/b/g/n, dual-band, Wi-Fi Plus Cellular'),(169,3,26,'V4.0 with A2DP'),(217,5,1,'Android OS, v4.1.2 (Jelly Bean), nâng cấp lên v4.2.2 (Jelly Bean)'),(218,5,2,'Qualcomm APQ8064T Snapdragon 600'),(219,5,3,'Quad-core 1.7 GHz Krait 300'),(220,5,4,'Adreno 320'),(221,5,5,'137.4 x 68.2 x 9.3 mm'),(224,5,10,'4.7 inches'),(240,5,25,'Wi-Fi 802.11 a/b/g/n, Wi-Fi Direct, DLNA, Wi-Fi hotspot'),(241,5,26,'Có, v4.0 với A2DP'),(253,4,1,'Microsoft Windows Phone 8'),(254,4,2,'Qualcomm MSM8960 S4 Plus'),(255,4,3,'Dual-core 1.5 GHz Krait'),(256,4,4,'Adreno 225'),(257,4,5,'130.3 x 70.8 x 10.7 mm'),(260,4,10,'4.5 inches'),(276,4,25,'Wi-Fi 802.11 b/g/n, Wi-Fi Direct'),(277,4,26,'Có, V3.1 với A2DP, EDR'),(326,6,1,'Android 4.2 Jelly Bean'),(327,6,2,'Qualcomm Snapdragon S4 Pro'),(328,6,3,'Quad-Core, 1,5GHz'),(329,6,4,'Adreno 320'),(330,6,5,'133.9 x 68.7 x 9.1 mm'),(333,6,10,'4.7 inches'),(350,6,25,'Wi-Fi 802.11 a/b/g/n, dual-band, DLNA, Wi-Fi hotspot'),(351,6,26,''),(363,7,1,''),(364,7,2,''),(365,7,3,''),(366,7,4,''),(367,7,5,''),(370,7,10,''),(387,7,25,''),(388,7,26,''),(437,9,1,''),(438,9,2,''),(439,9,3,''),(440,9,4,''),(441,9,5,''),(444,9,10,''),(461,9,25,''),(462,9,26,''),(474,10,1,''),(475,10,2,''),(476,10,3,''),(477,10,4,''),(478,10,5,''),(481,10,10,''),(498,10,25,''),(499,10,26,''),(511,11,1,''),(512,11,2,''),(513,11,3,''),(514,11,4,''),(515,11,5,''),(518,11,10,''),(535,11,25,''),(536,11,26,''),(585,8,1,''),(586,8,2,''),(587,8,3,''),(588,8,4,''),(589,8,5,''),(592,8,10,''),(609,8,25,''),(610,8,26,''),(622,13,1,''),(623,13,2,''),(624,13,3,''),(625,13,4,''),(626,13,5,''),(629,13,10,''),(646,13,25,''),(647,13,26,''),(696,15,1,''),(697,15,2,''),(698,15,3,''),(699,15,4,''),(700,15,5,''),(703,15,10,''),(720,15,25,''),(721,15,26,''),(733,12,1,''),(734,12,2,''),(735,12,3,''),(736,12,4,''),(737,12,5,''),(740,12,10,''),(757,12,25,''),(758,12,26,''),(770,16,42,'Intel Core i5 3317U'),(773,16,45,'Intel Chipset 1600 Mhz'),(774,16,46,'4GB DDR3 1600Mhz'),(775,16,47,'SATA 500GB 5400rpm'),(776,16,48,'14 inch HD LED 1366 x 768'),(778,16,50,'High Definition Audio support'),(780,16,53,'Li-ion 6 cell 3 giờ'),(781,16,55,'2.3 Kg'),(782,16,56,'12 Tháng'),(785,16,59,'10/100/1000 Mbps'),(786,16,60,'802.11 b/g/n'),(788,16,62,'Windows 7, Windows 7 Professional, Windows 7 Ultimate'),(790,16,1,NULL),(791,16,2,NULL),(792,16,3,NULL),(793,16,4,NULL),(794,16,5,NULL),(797,16,10,NULL),(813,16,26,NULL),(820,16,25,NULL),(941,17,1,NULL),(942,17,2,NULL),(943,17,3,NULL),(944,17,4,NULL),(945,17,5,NULL),(947,17,42,'Intel Core i3 2367M'),(950,17,45,'Mobile Intel® HM65 Express Chipset 1066Mhz'),(951,17,46,'4GB DDR3 1600Mhz'),(952,17,47,'SATA 500GB 5400rpm'),(953,17,48,'14 inch HD LED 1366 x 768'),(955,17,10,NULL),(960,17,50,'Realtek HD Audio'),(972,17,59,'10/100/1000 Mbps'),(973,17,60,'802.11 b/g/n'),(975,17,53,'Li-ion 6 cell 3 giờ'),(979,17,62,'Windows 7, Windows 7 Professional, Windows 7 Ultimate'),(982,17,26,NULL),(989,17,25,NULL),(996,17,55,'2.3 Kg'),(997,17,56,'12 Tháng'),(998,18,1,NULL),(999,18,2,NULL),(1000,18,3,NULL),(1001,18,4,NULL),(1002,18,5,NULL),(1004,18,42,''),(1007,18,45,''),(1008,18,46,''),(1009,18,47,''),(1010,18,48,''),(1012,18,10,NULL),(1017,18,50,''),(1029,18,59,''),(1030,18,60,''),(1032,18,53,''),(1036,18,62,''),(1039,18,26,NULL),(1046,18,25,NULL),(1053,18,55,''),(1054,18,56,''),(1055,19,1,NULL),(1056,19,2,NULL),(1057,19,3,NULL),(1058,19,4,NULL),(1059,19,5,NULL),(1061,19,42,''),(1064,19,45,''),(1065,19,46,''),(1066,19,47,''),(1067,19,48,''),(1069,19,10,NULL),(1074,19,50,''),(1086,19,59,''),(1087,19,60,''),(1089,19,53,''),(1093,19,62,''),(1096,19,26,NULL),(1103,19,25,NULL),(1110,19,55,''),(1111,19,56,''),(1226,21,1,NULL),(1227,21,2,NULL),(1228,21,3,NULL),(1229,21,4,NULL),(1230,21,5,NULL),(1232,21,42,''),(1235,21,45,''),(1236,21,46,''),(1237,21,47,''),(1238,21,48,''),(1240,21,10,NULL),(1245,21,50,''),(1257,21,59,''),(1258,21,60,''),(1260,21,53,''),(1264,21,62,''),(1267,21,26,NULL),(1274,21,25,NULL),(1281,21,55,''),(1282,21,56,''),(1283,22,1,NULL),(1284,22,2,NULL),(1285,22,3,NULL),(1286,22,4,NULL),(1287,22,5,NULL),(1289,22,42,''),(1292,22,45,''),(1293,22,46,''),(1294,22,47,''),(1295,22,48,''),(1297,22,10,NULL),(1302,22,50,''),(1314,22,59,''),(1315,22,60,''),(1317,22,53,''),(1321,22,62,''),(1324,22,26,NULL),(1331,22,25,NULL),(1338,22,55,''),(1339,22,56,''),(1340,23,1,NULL),(1341,23,2,NULL),(1342,23,3,NULL),(1343,23,4,NULL),(1344,23,5,NULL),(1346,23,42,''),(1349,23,45,''),(1350,23,46,''),(1351,23,47,''),(1352,23,48,''),(1354,23,10,NULL),(1359,23,50,''),(1371,23,59,''),(1372,23,60,''),(1374,23,53,''),(1378,23,62,''),(1381,23,26,NULL),(1388,23,25,NULL),(1395,23,55,''),(1396,23,56,''),(1397,24,1,NULL),(1398,24,2,NULL),(1399,24,3,NULL),(1400,24,4,NULL),(1401,24,5,NULL),(1403,24,42,''),(1406,24,45,''),(1407,24,46,''),(1408,24,47,''),(1409,24,48,''),(1411,24,10,NULL),(1416,24,50,''),(1428,24,59,''),(1429,24,60,''),(1431,24,53,''),(1435,24,62,''),(1438,24,26,NULL),(1445,24,25,NULL),(1452,24,55,''),(1453,24,56,''),(2364,20,1,NULL),(2365,20,64,NULL),(2366,20,65,NULL),(2367,20,2,NULL),(2368,20,66,NULL),(2370,20,3,NULL),(2371,20,68,NULL),(2372,20,4,NULL),(2373,20,5,NULL),(2375,20,42,''),(2379,20,71,NULL),(2383,20,45,''),(2387,20,78,NULL),(2390,20,46,''),(2391,20,47,''),(2392,20,48,''),(2393,20,83,NULL),(2396,20,94,NULL),(2406,20,96,NULL),(2409,20,99,NULL),(2411,20,10,NULL),(2415,20,100,NULL),(2417,20,50,''),(2429,20,59,''),(2430,20,60,''),(2432,20,53,''),(2436,20,62,''),(2439,20,26,NULL),(2446,20,25,NULL),(2453,20,55,''),(2454,20,56,''),(2455,33,101,'12.1 MP CMOS 1/2.3\" Digic IV'),(2456,33,102,'Canon 4x 4x 5.0 - 20.0 mm 35mm equiv : 28 – 112 mm F2.8 - F5.9 Không'),(2457,33,103,'Tích hợp'),(2458,33,104,'1 – 1/1500 giây 12M (4000 x 3000)'),(2459,33,105,'HD (1920 x 1080) at 24fps, HD (1280 x 720) at 30 fps, QVGA (320 x 240) at 30 fps, VGA (640 × 480) at 30 fps'),(2460,33,106,'Chống rung quang học'),(2461,33,107,'USB 2.0 Cổng HDMI'),(2462,33,108,'TFT LCD 2.7 inch'),(2463,33,109,'Pin Lithium-Ion (Li-Ion)'),(2464,33,110,'24 tháng'),(2465,33,1,NULL),(2466,33,64,NULL),(2467,33,65,NULL),(2468,33,2,NULL),(2469,33,66,NULL),(2471,33,3,NULL),(2472,33,68,NULL),(2473,33,4,NULL),(2474,33,5,NULL),(2476,33,42,NULL),(2480,33,71,NULL),(2484,33,45,NULL),(2488,33,78,NULL),(2491,33,46,NULL),(2492,33,47,NULL),(2493,33,48,NULL),(2494,33,83,NULL),(2497,33,94,NULL),(2507,33,96,NULL),(2510,33,99,NULL),(2512,33,10,NULL),(2516,33,100,NULL),(2518,33,50,NULL),(2530,33,59,NULL),(2531,33,60,NULL),(2533,33,53,NULL),(2537,33,62,NULL),(2540,33,26,NULL),(2547,33,25,NULL),(2554,33,55,NULL),(2555,33,56,NULL),(2556,34,101,''),(2557,34,102,''),(2558,34,103,''),(2559,34,104,''),(2560,34,105,''),(2561,34,106,''),(2562,34,107,''),(2563,34,108,''),(2564,34,109,''),(2565,34,110,''),(2566,34,1,NULL),(2567,34,64,NULL),(2568,34,65,NULL),(2569,34,2,NULL),(2570,34,66,NULL),(2572,34,3,NULL),(2573,34,68,NULL),(2574,34,4,NULL),(2575,34,5,NULL),(2577,34,42,NULL),(2581,34,71,NULL),(2585,34,45,NULL),(2589,34,78,NULL),(2592,34,46,NULL),(2593,34,47,NULL),(2594,34,48,NULL),(2595,34,83,NULL),(2598,34,94,NULL),(2608,34,96,NULL),(2611,34,99,NULL),(2613,34,10,NULL),(2617,34,100,NULL),(2619,34,50,NULL),(2631,34,59,NULL),(2632,34,60,NULL),(2634,34,53,NULL),(2638,34,62,NULL),(2641,34,26,NULL),(2648,34,25,NULL),(2655,34,55,NULL),(2656,34,56,NULL),(2657,35,101,''),(2658,35,102,''),(2659,35,103,''),(2660,35,104,''),(2661,35,105,''),(2662,35,106,''),(2663,35,107,''),(2664,35,108,''),(2665,35,109,''),(2666,35,110,''),(2667,35,1,NULL),(2668,35,64,NULL),(2669,35,65,NULL),(2670,35,2,NULL),(2671,35,66,NULL),(2673,35,3,NULL),(2674,35,68,NULL),(2675,35,4,NULL),(2676,35,5,NULL),(2678,35,42,NULL),(2682,35,71,NULL),(2686,35,45,NULL),(2690,35,78,NULL),(2693,35,46,NULL),(2694,35,47,NULL),(2695,35,48,NULL),(2696,35,83,NULL),(2699,35,94,NULL),(2709,35,96,NULL),(2712,35,99,NULL),(2714,35,10,NULL),(2718,35,100,NULL),(2720,35,50,NULL),(2732,35,59,NULL),(2733,35,60,NULL),(2735,35,53,NULL),(2739,35,62,NULL),(2742,35,26,NULL),(2749,35,25,NULL),(2756,35,55,NULL),(2757,35,56,NULL),(2758,36,101,''),(2759,36,102,''),(2760,36,103,''),(2761,36,104,''),(2762,36,105,''),(2763,36,106,''),(2764,36,107,''),(2765,36,108,''),(2766,36,109,''),(2767,36,110,''),(2768,36,1,NULL),(2769,36,64,NULL),(2770,36,65,NULL),(2771,36,2,NULL),(2772,36,66,NULL),(2774,36,3,NULL),(2775,36,68,NULL),(2776,36,4,NULL),(2777,36,5,NULL),(2779,36,42,NULL),(2783,36,71,NULL),(2787,36,45,NULL),(2791,36,78,NULL),(2794,36,46,NULL),(2795,36,47,NULL),(2796,36,48,NULL),(2797,36,83,NULL),(2800,36,94,NULL),(2810,36,96,NULL),(2813,36,99,NULL),(2815,36,10,NULL),(2819,36,100,NULL),(2821,36,50,NULL),(2833,36,59,NULL),(2834,36,60,NULL),(2836,36,53,NULL),(2840,36,62,NULL),(2843,36,26,NULL),(2850,36,25,NULL),(2857,36,55,NULL),(2858,36,56,NULL),(2859,37,101,''),(2860,37,102,''),(2861,37,103,''),(2862,37,104,''),(2863,37,105,''),(2864,37,106,''),(2865,37,107,''),(2866,37,108,''),(2867,37,109,''),(2868,37,110,''),(2869,37,1,NULL),(2870,37,64,NULL),(2871,37,65,NULL),(2872,37,2,NULL),(2873,37,66,NULL),(2875,37,3,NULL),(2876,37,68,NULL),(2877,37,4,NULL),(2878,37,5,NULL),(2880,37,42,NULL),(2884,37,71,NULL),(2888,37,45,NULL),(2892,37,78,NULL),(2895,37,46,NULL),(2896,37,47,NULL),(2897,37,48,NULL),(2898,37,83,NULL),(2901,37,94,NULL),(2911,37,96,NULL),(2914,37,99,NULL),(2916,37,10,NULL),(2920,37,100,NULL),(2922,37,50,NULL),(2934,37,59,NULL),(2935,37,60,NULL),(2937,37,53,NULL),(2941,37,62,NULL),(2944,37,26,NULL),(2951,37,25,NULL),(2958,37,55,NULL),(2959,37,56,NULL),(2960,38,101,NULL),(2961,38,102,NULL),(2962,38,103,NULL),(2963,38,104,NULL),(2964,38,105,NULL),(2965,38,106,NULL),(2966,38,107,NULL),(2967,38,108,NULL),(2968,38,109,NULL),(2969,38,110,NULL),(2970,38,1,NULL),(2971,38,64,NULL),(2972,38,65,NULL),(2973,38,2,NULL),(2974,38,66,NULL),(2976,38,3,NULL),(2977,38,68,NULL),(2978,38,4,NULL),(2979,38,5,NULL),(2981,38,42,NULL),(2985,38,71,NULL),(2989,38,45,NULL),(2993,38,78,NULL),(2996,38,46,NULL),(2997,38,47,NULL),(2998,38,48,NULL),(2999,38,83,NULL),(3002,38,94,NULL),(3012,38,96,NULL),(3015,38,99,NULL),(3017,38,10,NULL),(3021,38,100,NULL),(3023,38,50,NULL),(3035,38,59,NULL),(3036,38,60,NULL),(3038,38,53,NULL),(3042,38,62,NULL),(3045,38,26,NULL),(3052,38,25,NULL),(3059,38,55,NULL),(3060,38,56,NULL),(6838,31,1,''),(6839,31,64,''),(6840,31,65,''),(6841,31,2,''),(6842,31,66,''),(6844,31,3,''),(6845,31,68,''),(6846,31,4,''),(6847,31,5,''),(6849,31,42,''),(6853,31,71,''),(6857,31,45,''),(6861,31,78,''),(6864,31,46,''),(6865,31,47,''),(6866,31,48,''),(6867,31,83,''),(6870,31,94,''),(6880,31,96,''),(6883,31,99,''),(6885,31,10,''),(6889,31,100,''),(6891,31,50,''),(6903,31,59,''),(6904,31,60,''),(6906,31,53,''),(6910,31,62,''),(6913,31,26,''),(6920,32,1,''),(6921,32,64,''),(6922,32,65,''),(6923,32,2,''),(6924,32,66,''),(6926,32,3,''),(6927,32,68,''),(6928,32,4,''),(6929,32,5,''),(6931,32,42,''),(6935,32,71,''),(6939,32,45,''),(6943,32,78,''),(6946,32,46,''),(6947,32,47,''),(6948,32,48,''),(6949,32,83,''),(6952,32,94,''),(6962,32,96,''),(6965,32,99,''),(6967,32,10,''),(6971,32,100,''),(6973,32,50,''),(6985,32,59,''),(6986,32,60,''),(6988,32,53,''),(6992,32,62,''),(6995,32,26,''),(7002,32,25,''),(7256,3,115,''),(7257,4,115,''),(7258,5,115,''),(7259,6,115,''),(7260,7,115,''),(7261,8,115,''),(7262,9,115,''),(7263,10,115,''),(7264,11,115,''),(7265,12,115,''),(7266,13,115,''),(7268,15,115,''),(8156,2,1,'Android 4.2.2 Jelly Bean'),(8157,2,2,'Qualcomm Snapdragon 400'),(8158,2,3,'Dual-core 1.7 GHz Krait'),(8159,2,4,'Adreno 305'),(8160,2,5,'167.6 x 88 x 8 mm'),(8163,2,10,'6.3 inhces'),(8179,2,25,'Wi-Fi 802.11 a/b/g/n/ac, dual-band, DLNA, Wi-Fi Direct, Wi-Fi hotspot'),(8180,2,26,'Có, v4.0 với A2DP, EDR, LE'),(8194,1,1,'Android 4.2.2 Jelly Bean'),(8195,1,2,'Qualcomm Snapdragon 400'),(8196,1,3,'Dual-core 1.7 GHz Krait'),(8197,1,4,'Adreno 305'),(8198,1,5,'167.6 x 88 x 8 mm'),(8199,1,10,'4.8 inhces'),(8200,1,25,'Wi-Fi 802.11 a/b/g/n/ac, dual-band, DLNA, Wi-Fi Direct, Wi-Fi hotspot'),(8201,1,26,'A2DP, EDR, LE'),(8338,14,1,'Android 4.2.2 Jelly Bean'),(8339,14,2,'Qualcomm Snapdragon 400'),(8340,14,3,'Dual-core 1.7 GHz Krait'),(8341,14,4,'Adreno 305'),(8342,14,5,'167.6 x 88 x 8 mm'),(8343,14,10,'6.3 inhces'),(8344,14,26,'A2DP, EDR, LE'),(8345,14,25,'Wi-Fi 802.11 a/b/g/n/ac, dual-band, DLNA, Wi-Fi Direct, Wi-Fi hotspot');

/*Table structure for table `product_image` */

DROP TABLE IF EXISTS `product_image`;

CREATE TABLE `product_image` (
  `img_id` int(11) NOT NULL AUTO_INCREMENT,
  `img_name` varchar(1000) DEFAULT NULL,
  `default` tinyint(1) DEFAULT '0',
  `product_id` int(11) DEFAULT NULL,
  PRIMARY KEY (`img_id`),
  KEY `Index_2` (`product_id`)
) ENGINE=InnoDB AUTO_INCREMENT=250 DEFAULT CHARSET=utf8;

/*Data for the table `product_image` */

insert  into `product_image`(`img_id`,`img_name`,`default`,`product_id`) values (9,'0017790_samsung-galaxy-s4-i9500_130819110441.jpeg',0,1),(10,'0017793_samsung-galaxy-s4-i9500_130819110442.jpeg',0,1),(11,'0017796_samsung-galaxy-s4-i9500_130819110442.jpeg',1,1),(12,'0017797_samsung-galaxy-s4-i9500_130819110442.jpeg',0,1),(13,'0017798_samsung-galaxy-s4-i9500_130819110442.jpeg',0,1),(14,'0017799_samsung-galaxy-s4-i9500_130819110442.jpeg',0,1),(15,'0017800_samsung-galaxy-s4-i9500_130819110442.jpeg',0,1),(16,'0017801_samsung-galaxy-s4-i9500_130819110442.jpeg',0,1),(21,'0018573_samsung-galaxy-mega-63-i9200_300_130822095337.jpeg',1,2),(22,'0018574_samsung-galaxy-mega-63-i9200_130822095337.jpeg',0,2),(23,'0018575_samsung-galaxy-mega-63-i9200_130822095337.jpeg',0,2),(24,'0018576_samsung-galaxy-mega-63-i9200_130822095337.jpeg',0,2),(25,'0011648_apple-iphone-5-64gb_130822104217.jpeg',1,3),(26,'0011650_apple-iphone-5-64gb_130822104217.jpeg',0,3),(27,'0011651_apple-iphone-5-64gb_130822104217.jpeg',0,3),(28,'0011653_apple-iphone-5-64gb_130822104217.jpeg',0,3),(29,'0017311_apple-iphone-5-64gb_300_130822104217.jpeg',0,3),(30,'0009239_nokia-lumia-920_130822113919.jpeg',1,4),(31,'0009240_nokia-lumia-920_130822113919.jpeg',0,4),(32,'0009241_nokia-lumia-920_130822113919.jpeg',0,4),(33,'0009243_nokia-lumia-920_130822113920.jpeg',0,4),(34,'0009247_nokia-lumia-920_130822113920.jpeg',0,4),(35,'0015042_htc-one_130822115348.jpeg',1,5),(36,'0015043_htc-one_130822115348.jpeg',0,5),(37,'0015044_htc-one_130822115348.jpeg',0,5),(38,'0015045_htc-one_130822115348.jpeg',0,5),(39,'0015046_htc-one_130822115348.jpeg',0,5),(40,'0012850_lg-nexus-4-e960_300_130822121952.jpeg',1,6),(41,'0012851_lg-nexus-4-e960_130822121953.jpeg',0,6),(42,'0012864_lg-nexus-4-e960_130822121953.jpeg',0,6),(43,'0012865_lg-nexus-4-e960_130822121953.jpeg',0,6),(44,'0015584_sony-xperia-z_300_130822042148.jpeg',1,7),(45,'0015586_sony-xperia-z_130822042148.jpeg',0,7),(46,'0015587_sony-xperia-z_130822042148.jpeg',0,7),(47,'0015589_sony-xperia-z_130822042148.jpeg',0,7),(48,'0012901_samsung-galaxy-s3-mini-i8190_130822043237.jpeg',0,8),(49,'0012902_samsung-galaxy-s3-mini-i8190_130822043237.jpeg',0,8),(50,'0017917_samsung-galaxy-s3-mini-i8190_130822043237.jpeg',1,8),(51,'0017918_samsung-galaxy-s3-mini-i8190_130822043237.jpeg',0,8),(52,'0015177_lg-optimus-g-e975_300_130822043436.jpeg',1,9),(53,'0015179_lg-optimus-g-e975_130822043436.jpeg',0,9),(54,'0015180_lg-optimus-g-e975_130822043436.jpeg',0,9),(55,'0015182_lg-optimus-g-e975_130822043436.jpeg',0,9),(56,'0015715_htc-desire-u_300_130822043645.jpeg',1,10),(57,'0015716_htc-desire-u_130822043645.jpeg',0,10),(58,'0015717_htc-desire-u_130822043645.jpeg',0,10),(59,'0015718_htc-desire-u_130822043646.jpeg',0,10),(60,'0015439_sony-xperia-e-dual-c1605_130822043937.jpeg',1,11),(61,'0015440_sony-xperia-e-dual-c1605_70_130822043937.jpeg',0,11),(62,'0015441_sony-xperia-e-dual-c1605_130822043937.jpeg',0,11),(63,'0015442_sony-xperia-e-dual-c1605_130822043937.jpeg',0,11),(64,'0009062_iphone-4s-16gb_130822044258.jpeg',0,12),(65,'0017313_iphone-4s-16gb_300_130822044258.jpeg',1,12),(66,'0017314_iphone-4s-16gb_130822044258.jpeg',0,12),(67,'0017315_iphone-4s-16gb_130822044258.jpeg',0,12),(68,'0015005_lenovo-p770_300_130822044937.jpeg',1,13),(69,'0015006_lenovo-p770_130822044937.jpeg',0,13),(70,'0015007_lenovo-p770_130822044937.jpeg',0,13),(71,'0015008_lenovo-p770_130822044937.jpeg',0,13),(72,'0013799_lenovo-a800_300_130822045239.jpeg',1,14),(73,'0013800_lenovo-a800_130822045239.jpeg',0,14),(74,'0013801_lenovo-a800_130822045239.jpeg',0,14),(75,'0013803_lenovo-a800_130822045239.jpeg',0,14),(76,'0012618_lenovo-a690_300_130822045438.jpeg',1,15),(77,'0012619_lenovo-a690_130822045438.jpeg',0,15),(78,'0012620_lenovo-a690_130822045439.jpeg',0,15),(79,'0016537_dell-inspiron-14-5423-core-i5-3317uram-4gbhdd-500gb_300_130823013738.jpeg',1,16),(80,'0016538_dell-inspiron-14-5423-core-i5-3317uram-4gbhdd-500gb_130823013738.jpeg',0,16),(81,'0016539_dell-inspiron-14-5423-core-i5-3317uram-4gbhdd-500gb_130823013738.jpeg',0,16),(82,'0016540_dell-inspiron-14-5423-core-i5-3317uram-4gbhdd-500gb_130823013738.jpeg',0,16),(87,'0003494_acer-aspire-v5-431-intel-p9872gb320gb14hd_130824044632.jpeg',1,17),(88,'0003495_acer-aspire-v5-431-intel-p9872gb320gb14hd_130824044632.jpeg',0,17),(89,'0003496_acer-aspire-v5-431-intel-p9872gb320gb14hd_130824044632.jpeg',0,17),(90,'0006634_acer-aspire-v5-431-intel-p9872gb320gb14hd_300_130824044632.jpeg',0,17),(91,'0006300_macbook-air-133-inch-2012-md231zpa_130824052211.jpeg',0,18),(92,'0006301_macbook-air-133-inch-2012-md231zpa_130824052211.jpeg',0,18),(93,'0006302_macbook-air-133-inch-2012-md231zpa_130824052211.jpeg',1,18),(94,'0016754_macbook-air-133-inch-2012-md231zpa_300_130824052211.jpeg',0,18),(95,'0005696_hp-envy-4-1012tu_300_130824052416.jpeg',1,19),(96,'0005697_hp-envy-4-1012tu_130824052416.jpeg',0,19),(97,'0005698_hp-envy-4-1012tu_130824052416.jpeg',0,19),(98,'0005699_hp-envy-4-1012tu_130824052416.jpeg',0,19),(99,'0006278_toshiba-satellite-m840-1020-core-i3-2370m2gb500gbintel-hd-400014hd_300_130824052608.jpeg',0,20),(100,'0006279_toshiba-satellite-m840-1020-core-i3-2370m2gb500gbintel-hd-400014hd_130824052608.jpeg',0,20),(101,'0006280_toshiba-satellite-m840-1020-core-i3-2370m2gb500gbintel-hd-400014hd_130824052608.jpeg',0,20),(102,'0006281_toshiba-satellite-m840-1020-core-i3-2370m2gb500gbintel-hd-400014hd_130824052608.jpeg',1,20),(103,'0010480_dell-vostro-v3360-core-i5-3337u_300_130824052822.jpeg',0,21),(104,'0010481_dell-vostro-v3360-core-i5-3337u_130824052822.jpeg',0,21),(105,'0010482_dell-vostro-v3360-core-i5-3337u_130824052822.jpeg',1,21),(106,'0005386_asus-k55vd-core-i5-3210m4gb500gbgeforce-gt610m156hd_130824053231.jpeg',1,22),(107,'0005387_asus-k55vd-core-i5-3210m4gb500gbgeforce-gt610m156hd_130824053231.jpeg',0,22),(108,'0006542_asus-k55vd-core-i5-3210m4gb500gbgeforce-gt610m156hd_300_130824053231.jpeg',0,22),(109,'0006543_asus-k55vd-core-i5-3210m4gb500gbgeforce-gt610m156hd_130824053231.jpeg',0,22),(110,'0017209_sony-vaio-e-series-sve1412ecx-core-i3-3110m4gb320gbintel-hd-400014hd_130824053532.jpeg',0,23),(111,'0017210_sony-vaio-e-series-sve1412ecx-core-i3-3110m4gb320gbintel-hd-400014hd_130824053532.jpeg',1,23),(112,'0017212_sony-vaio-e-series-sve1412ecx-core-i3-3110m4gb320gbintel-hd-400014hd_300_130824053532.jpeg',0,23),(113,'0017213_sony-vaio-e-series-sve1412ecx-core-i3-3110m4gb320gbintel-hd-400014hd_130824053532.jpeg',0,23),(114,'0017215_sony-vaio-e-series-sve14135cx-core-i5-3230m6gb1tbintel-hd-400014hd_300_130824053722.jpeg',1,24),(115,'0017216_sony-vaio-e-series-sve14135cx-core-i5-3230m6gb1tbintel-hd-400014hd_130824053722.jpeg',0,24),(116,'0017217_sony-vaio-e-series-sve14135cx-core-i5-3230m6gb1tbintel-hd-400014hd_130824053722.jpeg',0,24),(117,'0017218_sony-vaio-e-series-sve14135cx-core-i5-3230m6gb1tbintel-hd-400014hd_130824053722.jpeg',0,24),(154,'0008010_canon-powershot-a3200-is_300_130828030204.jpeg',1,34),(155,'0008011_canon-powershot-a3200-is_130828030204.jpeg',0,34),(156,'0008012_canon-powershot-a3200-is_130828030204.jpeg',0,34),(157,'0008013_canon-powershot-a3200-is_130828030204.jpeg',0,34),(158,'0007958_canon-a4000is_300_130828030427.jpeg',1,35),(159,'0007959_canon-a4000is_130828030427.jpeg',0,35),(160,'0007960_canon-a4000is_130828030428.jpeg',0,35),(161,'0007961_canon-a4000is_130828030428.jpeg',0,35),(171,'Towels1-Thumbnail_140428115945jpg',1,61),(172,'Towels2-Thumbnail_140428115945jpg',0,61),(173,NULL,1,NULL),(174,'Towels3-Thumbnail_140428120146jpg',1,62),(175,'Towels4-Thumbnail_140428120146jpg',0,62),(177,'Towels6-Thumbnail_140428120442jpg',1,63),(179,'Towels1-Thumbnail_140428121034jpg',1,64),(180,'Towels2-Thumbnail_140428121226jpg',1,65),(181,'Towels4-Thumbnail_140428121313.jpg',1,66),(182,'Towels6-Thumbnail_140428121525.jpg',1,67),(183,'Towels6-Thumbnail_140428122045.jpg',1,69),(184,'AT-M13-89(7858) (1)_140429024652.jpg',1,70),(185,'AT-M13-89(7858)_140429024652.jpg',0,70),(186,'AT-M13-89(7858) (1)_140429024707.jpg',1,71),(187,'AT-M13-89(7858)_140429024707.jpg',0,71),(188,'AT-M13-89(7858) (1)_140429025633.jpg',1,72),(189,'AT-M13-89(7858)_140429025633.jpg',0,72),(190,'SM-DG-255(0712)1f_140429025829.jpg',1,73),(191,'SM-DG-255(0712)1f_140429025845.jpg',1,74),(192,'SM-DG-255(0712)1f_140429030538.jpg',1,75),(193,'SM-DG-255(0712)1f_140429030641.jpg',1,76),(194,'AT-MaBu-185(9287)4 (1)_140429030659.jpg',1,77),(195,'AT-MaBu-185(9287)4 (1)_140429030950.jpg',1,78),(196,'AT-MaBu-185(9287)4 (1)_140429031119.jpg',1,79),(197,'AT-MaBu-185(9287)4 (1)_140429031206.jpg',1,80),(198,'AT-MaBu-185(9287)4_140429031232.jpg',1,81),(199,'SM-MaBu-185(0526)1_140429031356.jpg',1,82),(200,'AT-89(7855) (1)_140429032422.jpg',1,84),(201,'QJ-Luxury-495(0638)1_140429035318.jpg',1,85),(202,'QJ-Luxury-495(0638)1_140429035527.jpg',1,86),(203,'AT-M24-89(7869)_140429035642.jpg',1,87),(204,'AT-M24-89(7869) (1)_140429035802.jpg',1,88),(205,'QJ-Luxury-495(0637)1_140503034047.jpg',1,90),(206,'QJ-Luxury-495(0637)1_140503034109.jpg',1,91),(207,'QJ-Luxury-495(0637)1_140503034126.jpg',1,92),(208,'QJ-Luxury-495(0637)1_140503034401.jpg',1,93),(209,'QJ-Luxury-495(0637)1_140503040646.jpg',1,94),(210,'AT-M13-89(7858) (1)_140503040710.jpg',1,95),(211,'AT-M24-89(7869) (1)_140503042659.jpg',1,96),(212,'QJ-Luxury-495(0638)1_140503042744.jpg',1,97),(213,'AT-M13-89(7858) (1)_140503042850.jpg',1,98),(214,'AT-M13-89(7858)_140503043410.jpg',1,99),(215,'AT-M13-89(7858) (1)_140503043729.jpg',1,100),(216,'AT-M13-89(7858) (1)_140503044226.jpg',1,101),(217,'AT-M13-89(7858)_140503044256.jpg',1,102),(218,'AT-89(7855)_140503044803.jpg',1,103),(219,'QJ-Luxury-495(0636)1_140503044934.jpg',1,104),(244,'0015292_ipad-mini-16gb-wifi-4g_140605045116.jpeg',0,32),(245,'0009274_samsung-galaxy-note-101-n8000_300_140605045132.jpeg',0,31),(247,'0009274_samsung-galaxy-note-101-n8000_300_140703111107.jpeg',0,31),(248,'0009274_samsung-galaxy-note-101-n8000_300_140703111227.jpeg',1,31),(249,'0015292_ipad-mini-16gb-wifi-4g_140703111325.jpeg',1,32);

/*Table structure for table `product_related` */

DROP TABLE IF EXISTS `product_related`;

CREATE TABLE `product_related` (
  `product_id` int(11) NOT NULL,
  `related_id` int(11) NOT NULL,
  PRIMARY KEY (`product_id`,`related_id`)
) ENGINE=InnoDB DEFAULT CHARSET=utf8 COLLATE=utf8_unicode_ci;

/*Data for the table `product_related` */

insert  into `product_related`(`product_id`,`related_id`) values (2,10),(2,21),(14,1),(14,12),(40,3),(40,37);

/*Table structure for table `product_review` */

DROP TABLE IF EXISTS `product_review`;

CREATE TABLE `product_review` (
  `review_id` int(11) NOT NULL AUTO_INCREMENT,
  `product_id` int(11) DEFAULT NULL,
  `customer_id` int(11) DEFAULT NULL,
  `author` varchar(255) DEFAULT NULL,
  `title` varchar(255) DEFAULT NULL,
  `description` text,
  `rating` int(1) DEFAULT '0',
  `status` tinyint(1) DEFAULT '0',
  `created_at` datetime DEFAULT NULL,
  `updated_at` datetime DEFAULT NULL,
  PRIMARY KEY (`review_id`)
) ENGINE=InnoDB AUTO_INCREMENT=36 DEFAULT CHARSET=utf8;

/*Data for the table `product_review` */

insert  into `product_review`(`review_id`,`product_id`,`customer_id`,`author`,`title`,`description`,`rating`,`status`,`created_at`,`updated_at`) values (1,12,NULL,'Thuan','Ok','That\'s Ok with me',4,1,'2014-05-29 07:42:33','2014-06-19 16:09:53'),(2,1,NULL,'Doan','abc','asdf',2,1,'2014-05-29 07:59:21','2014-05-29 07:59:21'),(11,1,NULL,'Vu','11111','That\'s very nice',4,1,'2014-05-29 08:57:03','2014-05-29 08:57:03'),(12,1,NULL,'Thuan',NULL,'asdfasdfasdf\r\nasdfasdf',3,1,'2014-06-06 08:02:31','2014-06-06 08:02:31'),(13,1,NULL,'Thuan',NULL,'asdfasdfasdf\r\nasdfasdfasdf',4,1,'2014-06-06 08:06:02','2014-06-06 08:06:02'),(14,1,NULL,'Thuan',NULL,NULL,0,1,NULL,NULL),(15,1,NULL,'Thuan',NULL,NULL,0,1,NULL,NULL),(28,1,NULL,'Thuan',NULL,NULL,0,1,NULL,NULL),(29,1,NULL,'Thuan',NULL,NULL,0,1,NULL,NULL),(30,14,NULL,'Thuan',NULL,'asdfasdfasdfasdfasdfasdf',4,1,'2014-06-19 14:29:05','2014-06-19 14:30:22'),(31,1,NULL,'Thuan',NULL,'asdfasdfasdf',3,0,'2014-06-24 20:29:50','2014-06-24 20:29:50'),(32,14,NULL,'Thuan',NULL,'asdfasdfa\r\nasdfasdf',3,0,'2014-07-18 07:30:23','2014-07-18 07:30:23'),(33,14,NULL,'Thuan',NULL,'asdfasdfa\r\nasdfasdf',3,0,'2014-07-18 07:30:42','2014-07-18 07:30:42'),(34,14,NULL,'Thuan',NULL,'asdfasdf\r\nasdfasdfasdf',2,0,'2014-07-18 07:33:34','2014-07-18 07:33:34'),(35,14,NULL,'Thuan',NULL,'fasdfasdfasdf',2,0,'2014-07-18 07:45:09','2014-07-18 07:45:09');

/*Table structure for table `promotion` */

DROP TABLE IF EXISTS `promotion`;

CREATE TABLE `promotion` (
  `promo_id` int(11) NOT NULL AUTO_INCREMENT,
  `promo_name` varchar(255) COLLATE utf8_unicode_ci DEFAULT NULL,
  `promo_type` int(11) DEFAULT NULL,
  `data` text COLLATE utf8_unicode_ci,
  `url` varchar(255) COLLATE utf8_unicode_ci DEFAULT NULL,
  `image` varchar(255) COLLATE utf8_unicode_ci DEFAULT NULL,
  `start_date` datetime DEFAULT NULL,
  `end_date` datetime DEFAULT NULL,
  PRIMARY KEY (`promo_id`)
) ENGINE=InnoDB AUTO_INCREMENT=5 DEFAULT CHARSET=utf8 COLLATE=utf8_unicode_ci;

/*Data for the table `promotion` */

insert  into `promotion`(`promo_id`,`promo_name`,`promo_type`,`data`,`url`,`image`,`start_date`,`end_date`) values (2,'Promo2',1,'1000000','','275.jpg','2012-10-08 00:00:00','2013-06-29 00:00:00'),(3,'Promo3',2,'Tặng usb 8gb','','279.jpg','2012-10-08 00:00:00','2013-06-30 00:00:00'),(4,'Promo4',3,'10','','281.jpg','2012-10-09 00:00:00','2012-12-05 00:00:00');

/*Table structure for table `promotion_product` */

DROP TABLE IF EXISTS `promotion_product`;

CREATE TABLE `promotion_product` (
  `id` int(11) NOT NULL AUTO_INCREMENT,
  `promo_id` int(11) DEFAULT NULL,
  `product_id` int(11) DEFAULT NULL,
  PRIMARY KEY (`id`),
  KEY `Index_2` (`promo_id`),
  KEY `Index_3` (`product_id`)
) ENGINE=InnoDB AUTO_INCREMENT=2 DEFAULT CHARSET=utf8 COLLATE=utf8_unicode_ci;

/*Data for the table `promotion_product` */

insert  into `promotion_product`(`id`,`promo_id`,`product_id`) values (1,NULL,NULL);

/*Table structure for table `search_term` */

DROP TABLE IF EXISTS `search_term`;

CREATE TABLE `search_term` (
  `id` int(10) unsigned NOT NULL AUTO_INCREMENT,
  `type` varchar(45) COLLATE utf8_unicode_ci NOT NULL DEFAULT '',
  `query` varchar(500) COLLATE utf8_unicode_ci NOT NULL DEFAULT '',
  `hit` decimal(10,0) NOT NULL DEFAULT '0',
  PRIMARY KEY (`id`)
) ENGINE=InnoDB AUTO_INCREMENT=10 DEFAULT CHARSET=utf8 COLLATE=utf8_unicode_ci;

/*Data for the table `search_term` */

insert  into `search_term`(`id`,`type`,`query`,`hit`) values (1,'product','Nokia','1'),(2,'product','iphone','21'),(3,'product','iphone4','1'),(4,'product','galaxy','5'),(5,'product','s','6'),(6,'product','i','1'),(7,'product','ip','4'),(8,'product','LG','1'),(9,'product','asdfasdf','1');

/*Table structure for table `setting` */

DROP TABLE IF EXISTS `setting`;

CREATE TABLE `setting` (
  `setting_id` int(11) NOT NULL AUTO_INCREMENT,
  `group` varchar(32) COLLATE utf8_unicode_ci DEFAULT NULL,
  `key` varchar(64) COLLATE utf8_unicode_ci DEFAULT NULL,
  `value` text COLLATE utf8_unicode_ci,
  PRIMARY KEY (`setting_id`)
) ENGINE=InnoDB AUTO_INCREMENT=19 DEFAULT CHARSET=utf8 COLLATE=utf8_unicode_ci;

/*Data for the table `setting` */

insert  into `setting`(`setting_id`,`group`,`key`,`value`) values (1,'store','store_name','Test Store'),(2,'store','store_title','Test Store'),(3,'store','meta_desc','Test Store'),(4,'store','address','Test Store'),(5,'store','admin_email','doanvuthuan@gmail.com'),(6,'store','phone','84902727231'),(14,'display','product_cols','6'),(17,'display','default_page_size','20'),(18,'shipping','enable','0');

/*Table structure for table `slideshow_group` */

DROP TABLE IF EXISTS `slideshow_group`;

CREATE TABLE `slideshow_group` (
  `group_id` int(11) NOT NULL AUTO_INCREMENT,
  `name` varchar(255) COLLATE utf8_unicode_ci DEFAULT NULL,
  `alias` varchar(255) COLLATE utf8_unicode_ci DEFAULT NULL,
  PRIMARY KEY (`group_id`)
) ENGINE=InnoDB AUTO_INCREMENT=3 DEFAULT CHARSET=utf8 COLLATE=utf8_unicode_ci;

/*Data for the table `slideshow_group` */

insert  into `slideshow_group`(`group_id`,`name`,`alias`) values (1,'Group 1','group-1'),(2,'Group 2','group-2');

/*Table structure for table `slideshow_item` */

DROP TABLE IF EXISTS `slideshow_item`;

CREATE TABLE `slideshow_item` (
  `item_id` int(11) NOT NULL AUTO_INCREMENT,
  `name` varchar(255) COLLATE utf8_unicode_ci DEFAULT NULL,
  `image` varchar(255) COLLATE utf8_unicode_ci DEFAULT NULL,
  `link_to` varchar(255) COLLATE utf8_unicode_ci DEFAULT NULL,
  `sort_order` int(11) DEFAULT '0',
  `group_id` int(11) DEFAULT NULL,
  PRIMARY KEY (`item_id`)
) ENGINE=InnoDB AUTO_INCREMENT=5 DEFAULT CHARSET=utf8 COLLATE=utf8_unicode_ci;

/*Data for the table `slideshow_item` */

insert  into `slideshow_item`(`item_id`,`name`,`image`,`link_to`,`sort_order`,`group_id`) values (2,'Item 1','361_140702044049.jpg','',0,1),(3,'Item 2','375_140702044054.jpg','',0,1),(4,'Item 3','381_140702044100.jpg','',0,1);

/*Table structure for table `user` */

DROP TABLE IF EXISTS `user`;

CREATE TABLE `user` (
  `user_id` int(11) NOT NULL AUTO_INCREMENT,
  `role_id` int(11) DEFAULT NULL,
  `username` varchar(50) COLLATE utf8_unicode_ci DEFAULT NULL,
  `password` varchar(100) COLLATE utf8_unicode_ci DEFAULT NULL,
  `first_name` varchar(50) COLLATE utf8_unicode_ci DEFAULT NULL,
  `last_name` varchar(50) COLLATE utf8_unicode_ci DEFAULT NULL,
  `email` varchar(100) COLLATE utf8_unicode_ci DEFAULT NULL,
  `status` tinyint(1) DEFAULT NULL,
  `created_at` datetime DEFAULT NULL,
  `updated_at` datetime DEFAULT NULL,
  `last_login` datetime DEFAULT NULL,
  `remember_token` varchar(255) COLLATE utf8_unicode_ci DEFAULT NULL,
  PRIMARY KEY (`user_id`)
) ENGINE=InnoDB AUTO_INCREMENT=7 DEFAULT CHARSET=utf8 COLLATE=utf8_unicode_ci;

/*Data for the table `user` */

insert  into `user`(`user_id`,`role_id`,`username`,`password`,`first_name`,`last_name`,`email`,`status`,`created_at`,`updated_at`,`last_login`,`remember_token`) values (1,4,'oldfox1986','1a7325c86c5d11f791e723df3b67a444','Doan','Thuan','oldfox1986@gmail.com',1,'2014-06-02 07:57:41','2014-06-02 09:11:35',NULL,NULL),(4,3,'admin','$2y$10$fD7EG2Ql7G8VJn5G/hOCMeBIu46S8ZVzck7pELkWGlWjhzUFXCXqu','Doan','Thuan','doanvuthuan@gmail.com',1,'2014-06-03 02:49:40','2014-06-12 07:10:23','2014-06-12 07:10:23','oBbNywnQFuCu8YGUVc2LghsKna5GHsrEaekVPb895zQIJEuGuaX2i8t5SFlF'),(5,3,'admin','$2y$10$or9shvnhnJV6Wg4X2CZL1.uKK5sjbz2MnSj9P5WSCAz1IFKGJ/dri','Doan','Thuan','doanvuthuan@gmail.com',1,'2014-06-24 08:46:28','2014-06-24 08:46:28','2014-06-24 08:46:28',NULL),(6,3,'admin','$2y$10$ty5rMgxUAYkqqUG/PjJ0DuDmuPCCs6/sYyaYFf6EVzRLA1AHRRcHW','Doan','Thuan','doanvuthuan@gmail.com',1,'2014-06-24 08:47:55','2014-06-24 08:47:55','2014-06-24 08:47:55',NULL);

/*Table structure for table `user_role` */

DROP TABLE IF EXISTS `user_role`;

CREATE TABLE `user_role` (
  `role_id` int(11) NOT NULL AUTO_INCREMENT,
  `role_name` varchar(255) COLLATE utf8_unicode_ci DEFAULT NULL,
  `permission` text COLLATE utf8_unicode_ci,
  PRIMARY KEY (`role_id`)
) ENGINE=InnoDB AUTO_INCREMENT=5 DEFAULT CHARSET=utf8 COLLATE=utf8_unicode_ci;

/*Data for the table `user_role` */

insert  into `user_role`(`role_id`,`role_name`,`permission`) values (3,'admin','admin'),(4,'supervisor','supervisor');

/*Table structure for table `vendor` */

DROP TABLE IF EXISTS `vendor`;

CREATE TABLE `vendor` (
  `vendor_id` int(11) NOT NULL AUTO_INCREMENT,
  `vendor_name` varchar(255) DEFAULT NULL,
  `country` varchar(255) DEFAULT NULL,
  `url` varchar(255) DEFAULT NULL,
  `email` varchar(50) DEFAULT NULL,
  `description` text,
  PRIMARY KEY (`vendor_id`)
) ENGINE=InnoDB AUTO_INCREMENT=20 DEFAULT CHARSET=utf8;

/*Data for the table `vendor` */

insert  into `vendor`(`vendor_id`,`vendor_name`,`country`,`url`,`email`,`description`) values (1,'LG',NULL,NULL,NULL,NULL),(2,'Apple',NULL,NULL,NULL,NULL),(3,'Samsung',NULL,NULL,NULL,NULL),(4,'Nokia',NULL,NULL,NULL,NULL),(5,'Lenovo','','','',''),(7,'HTC',NULL,NULL,NULL,NULL),(8,'Sony',NULL,NULL,NULL,NULL),(9,'Dell',NULL,NULL,NULL,NULL),(10,'Acer',NULL,NULL,NULL,NULL),(11,'HP',NULL,NULL,NULL,NULL),(12,'Toshiba',NULL,NULL,NULL,NULL),(13,'Asus',NULL,NULL,NULL,NULL),(14,'Canon',NULL,NULL,NULL,NULL),(15,'TRANSCEND',NULL,NULL,NULL,NULL),(16,'Western',NULL,NULL,NULL,NULL),(17,'Kingston',NULL,NULL,NULL,NULL),(18,'Goxob',NULL,NULL,NULL,NULL),(19,'Goxob1',NULL,NULL,NULL,NULL);

/*Table structure for table `visit_counter` */

DROP TABLE IF EXISTS `visit_counter`;

CREATE TABLE `visit_counter` (
  `sid` char(50) COLLATE utf8_unicode_ci NOT NULL,
  `time` int(10) unsigned NOT NULL,
  `visits` int(10) unsigned NOT NULL,
  PRIMARY KEY (`sid`)
) ENGINE=InnoDB DEFAULT CHARSET=utf8 COLLATE=utf8_unicode_ci;

/*Data for the table `visit_counter` */

insert  into `visit_counter`(`sid`,`time`,`visits`) values ('0',1405644309,1),('0370ec69108633ce28670a343bb88bf9',1405655978,1),('07ed0a1e6742c8e6ba9e62f1d11bbe00',1405916993,1),('087591dadda0c7b59cd43daa240cad55',1405656065,1),('09016f6d2524086e9e3587a4aa5aca61',1405741589,1),('09f0ed032ec807647178a8bc16956bda',1405754324,1),('0a182cc9d2ba0447ccae15d177d7cbad',1405745369,1),('0a72e9be3d8dbb6446157f36ce4609b6',1405745203,1),('0b18bffe14ebd4d6fcf912fd74df0985',1405917888,1),('0ced7bdb5ec5de0aa3b00d9f1352ef0d',1405826214,1),('0db01695c16ba4b4fe43048187fc8332',1405914133,1),('0dc12cf45c7a8a5f6dbd87239dcb74a3',1405658229,1),('0e15ef4eb4a78eac2bbfd9f8f7146878',1499487937,1),('0ee52a019cec8365ea9d3e88ce6f7b5d',1405916265,1),('1',1405651381,1),('1002753',1405600374,1),('1005953',1405600284,1),('1022153',1405596100,1),('1024153',1405602520,1),('1026253',1405643442,1),('1033453',1405603288,1),('1043553',1405643893,1),('104553',1405643485,1),('1054553',1405643423,1),('1080953',1405643601,1),('108753',1405643602,1),('110053',1405643614,1),('1118453',1405480966,1),('1122553',1405602522,1),('1133553',1405595452,1),('1135853',1405431637,1),('1138053',1405595452,1),('1141253',1405602757,1),('1141353',1405643615,1),('1143453',1405643808,1),('1150953',1405601570,1),('1167653',1405432470,1),('116900048fb68b092bcee1a437d6db22',1405916286,1),('1185253',1349523000,1),('118753',1405600389,1),('11953',1405595722,1),('1222353',1405588951,1),('1240953',1405432695,1),('1261453',1405600376,1),('1273453',1405436382,1),('1276753',1405643995,1),('1277453',1405643045,1),('1299653',1405603428,1),('12a5342451099e8c3032050b1f40383b',1405950824,1),('12a68106ea8f89a928e1331255569d03',1405738796,1),('1338953',1405432236,1),('1340353',1405432648,1),('1340853',1405565709,1),('1341953',1405582230,1),('1344053',1405643627,1),('1353253',1405596108,1),('1365453',1405602498,1),('1366553',1405602266,1),('1396453',1405588955,1),('13eb8eb253dfa4de645d514361fe45e5',1405746498,1),('1412653',1405643962,1),('1412853',1405643207,1),('1413053',1405596116,1),('1422553',1405582204,1),('142353',1405588098,1),('1433253',1405643258,1),('1439953',1405431714,1),('1442253',1405588287,1),('1446053',1405425023,1),('145353',1405641496,1),('1453753',1405644120,1),('1465753',1405644098,1),('1469753',1405431838,1),('1482153',1405598470,1),('1507353',1405643044,1),('1508753',1405600403,1),('1535a11fe24fb1b797ef1f98f1bb3396',1405656007,1),('1547453',1405643614,1),('15553',1405643809,1),('1564153',1405570814,1),('1572153',1405644119,1),('15c26bba21374341feabfc71577b654f',1405754352,1),('1613553',1405643904,1),('1614653',1405588188,1),('1621453',1405424301,1),('1637953',1405583226,1),('1646853',1405425003,1),('1658453',1405602154,1),('168025df6cda04a2258d0e92047e70d0',1405754334,1),('1692753',1405436382,1),('1696553',1405643892,1),('16db00387c5506e5c253b9373a4b825d',1499487877,1),('1700653',1405598465,1),('170253',1405602520,1),('1709653',1405600196,1),('1721353',1405603289,1),('1728753',1405598357,1),('1748353',1405595457,1),('176053',1405602266,1),('176353',1405588292,1),('1765853',1405644066,1),('1770453',1405600284,1),('1775153',1405432542,1),('1779253',1405588201,1),('178253',1405582207,1),('17d3cc83fdc569749b03ec069422b087',1499487866,1),('1807753',1405642302,1),('1825853',1405432738,1),('1835653',1405431883,1),('1836153',1405595457,1),('1843153',1405602520,1),('1865653',1405588293,1),('1898853',1405600285,1),('18e47886e8de753b013ca91e34b7e8cc',1405745232,1),('1907853',1405600199,1),('1927953',1405600215,1),('1933453',1405588383,1),('1940653',1405600376,1),('1954753',1405434324,1),('1959953',1405431995,1),('1973053',1405601540,1),('1975853',1405643914,1),('1981953',1405601988,1),('1985053',1405582218,1),('1993553',1405600281,1),('19939f2c51a192eb1dc170b69777ca97',1405666029,1),('1996853',1405600221,1),('19c09b86e98d8fcdba3a5a7055af14fc',1405746344,1),('19c25e6f92031a2f538aaedd1040de42',1405746231,1),('19f05331a9b2d420a4cd84f0674eaf66',1405658241,1),('1a38c16c103540e9737139dd274125be',1405917888,1),('1a50caf65ec38e6cc796bc951c30a789',1405658229,1),('1be4ec5a8b4b4aecbbafb276743917a9',1405746375,1),('1d4e280cdff7fcc30805cb26dc028353',1499487860,1),('1dc0adf373354d5b5af2b1a72395a60b',1405746383,1),('1e3215033c4af44902e0312250a80098',1499487987,1),('2010153',1405643259,1),('2040753',1405643218,1),('2048653',1405643836,1),('2063753',1405643943,1),('2068853',1405432484,1),('2070653',1405641497,1),('207f202dd13c322a9afd11546a83be37',1405948304,1),('2095853',1405582230,1),('21',1405654039,1),('2110553',1405588045,1),('2121253',1405600262,1),('2123783bac337cf2e65de66246100b0f',1405744767,1),('2129053',1405643486,1),('21311945cddef33148c13e843faf691b',1405742361,1),('2140853',1405601540,1),('2141353',1405600371,1),('2147853',1405643954,1),('2148653',1405644156,1),('217453',1405643805,1),('2177253',1405432486,1),('2180053',1405432369,1),('218153',1405602496,1),('2183153',1405603429,1),('2185553',1405643827,1),('2199353',1405598406,1),('21d4b51abbe3e485587c794ced4db6db',1405950836,1),('2223453',1405602496,1),('222753',1405598296,1),('2237853',1405432621,1),('2240053',1405431877,1),('2279953',1405432406,1),('2280253',1405643944,1),('2281753',1405600306,1),('2284853',1405432539,1),('2301653',1405602499,1),('231953',1405600285,1),('2333953',1405600303,1),('2350253',1405436378,1),('2351153',1405425024,1),('235553',1405582711,1),('2383253',1405602266,1),('2385153',1405643219,1),('2387953',1405588030,1),('2389553',1405434319,1),('2396153',1405602756,1),('2405753',1405431877,1),('242053',1405588122,1),('2420553',1405643234,1),('2427853',1405432542,1),('2495453',1405643207,1),('2500653',1405600209,1),('2504853',1405643258,1),('250853',1405602757,1),('2515353',1405643953,1),('2534653',1405431997,1),('2538053',1405643234,1),('254b42aebbe8317f9a507012ed6bec8d',1405657242,1),('2550953',1405643963,1),('255853',1405643826,1),('2563753',1405589096,1),('25847f44b7c610d8bcc491d36523f056',1405919370,1),('259553',1405433965,1),('25b926f10794ab41c381f6739dda1df5',1405742237,1),('260fda1bd46c9507205c697a3e2ae38a',1405654779,1),('2614653',1405598289,1),('2616953',1405600224,1),('2619253',1405433966,1),('2620553',1405600385,1),('2641853',1405642432,1),('264253',1405600200,1),('2648453',1405598284,1),('2653',1405600201,1),('2653353',1405600295,1),('2664853',1405585774,1),('266553',1405588041,1),('2667653',1405600384,1),('2687553',1405602265,1),('26a1507f0a44af30a4dda0704ddc3e72',1405656664,1),('2717753',1405597048,1),('2728253',1405644014,1),('2732253',1405601702,1),('27344',1405654038,1),('2739453',1405432407,1),('27438ea4986d53477d8e20f188b3cee3',1405655597,1),('274553',1405643628,1),('274a8cbb5aa4d571a0b12646627ab6f6',1405654781,1),('2777953',1405596378,1),('2805853',1405644099,1),('2827253',1405598351,1),('282753',1405643908,1),('2874053',1405434320,1),('2881553',1405644157,1),('2899853',1405643903,1),('29',1405654039,1),('290553',1405601702,1),('2911353',1405431931,1),('2951153',1405597056,1),('295cc536a19ae9854a18f379a08c249c',1405735645,1),('296b4f1ca94ee528705d691feaa9e58c',1405917976,1),('2971553',1405432057,1),('2976a54925aa5d2cab5a0de298776075',1405655595,1),('2979353',1405588364,1),('2a23ba0a7b0167a9b4bdbda4ef6dba45',1405657250,1),('2ecbcd1d255b4a2e8e8994c50470b501',1499487845,1),('3008853',1405643219,1),('3010353',1405643806,1),('3021253',1405596083,1),('3053953',1405432368,1),('3061753',1405588333,1),('3078553',1405642431,1),('3085453',1405602757,1),('3086753',1405432472,1),('3088753',1405644022,1),('308fa6d02c57b8bc7693bfbcd603a2b4',1405914183,1),('3092153',1405436376,1),('3113453',1405602627,1),('3123053',1405432363,1),('3137053',1405602154,1),('317153',1405644015,1),('3185953',1405641499,1),('3197153',1405601988,1),('3201553',1405600281,1),('3247753',1405598400,1),('3251953',1405600378,1),('3274153',1405601541,1),('33bd28e1c85167d3962319637165e574',1405743901,1),('343053',1405644021,1),('3582096adb821e9100e4be56b8104543',1405657238,1),('366953',1405432487,1),('368653',1405595715,1),('373353',1405425005,1),('374153',1405588128,1),('378153',1405600199,1),('37cc12dbe4d2a25d9eaf2cc459b7d25a',1405914237,1),('37e007179fe4ff27b61ca591ce52013a',1405656923,1),('381a4256801dc6f285a3ce199a485d1b',1405745368,1),('393753',1405600198,1),('3d87b8ee32a771199edeed7833fb8558',1405657240,1),('3d9e3b80a0e0dbae66a72506d37275b3',1405743373,1),('4',1405651331,1),('406153',1405431926,1),('412253',1405431713,1),('41253',1405600291,1),('430353',1405643914,1),('430453',1405643994,1),('433553',1405643233,1),('438753',1405601702,1),('4533bcec43db7c514d87f58114bbf8f1',1405914645,1),('456553',1405589095,1),('461153',1405564484,1),('478853',1405598358,1),('4803cf207dd33bfbcb422104799f1a32',1405754382,1),('481bba702b6ae7fa6135600984153fef',1405745355,1),('485c72cf69ec1883e69d0ae617ef32f3',1405742381,1),('485f53a89d720cfb2c5151ff76676a38',1405658261,1),('498053',1405643836,1),('498653',1405600374,1),('4a215e672da272343e05cfecac66cc89',1405656911,1),('4b233b78719e5dc9ac28d52cb4c7bd2b',1405914239,1),('4b90bc350fc39fca7db6f7d95b809fee',1405917766,1),('4cfcd1f1c74e9f9cd85aa605f23f964f',1405657231,1),('4f7848500d791f78703c09e86c9a2f9b',1405745203,1),('4f842c598ea06e5febbb8c357e338fbe',1405743365,1),('501d178e53f3448fd86b09cdc4cc235c',1405928741,1),('505253',1405582701,1),('509e73f74f8a3061f7ec40d4e9bedd4a',1405819862,1),('50d6f53853f182783acce4d92e39228a',1499487871,1),('513853',1405644067,1),('513b9877a18f89c6582bab6cb57e1dc6',1405819859,1),('523653',1405595458,1),('524653',1405600262,1),('52694018671e2445cff0a928fbc034c3',1405658278,1),('527753',1405601540,1),('529853',1405424335,1),('53709724a5d7a8afe40d4a0f9f4e7f3d',1405673426,1),('53e84fe4bb1a31104549fc1ce8e3772a',1405742761,1),('53f2496cfcf134b008f6a63c679bc6db',1499488081,1),('54243e5e169d4b91b9ba1df51eebfa02',1405752958,1),('55036af8dbcdbfa8609a4d7162555b86',1405745370,1),('56676949d649c24ca86ea67dfc246e82',1405752144,1),('589953',1405602498,1),('58c5ea8cf98aad693a487489d3323520',1405753036,1),('59054090662d1b99da47c8bc745823c5',1405656065,1),('590653',1405642302,1),('599553',1405598474,1),('59af98f8df876c69931c16831fceffaa',1405743884,1),('5bd1dcff1ffcefb300e5e2b3890c88dc',1405658233,1),('5c850f9c30d6c517dbdcac08eaa08ee8',1405658247,1),('601053',1405600301,1),('60bb196af7320a9c3b47607c29281686',1499488160,1),('62b4450c1fca7799a5497bc38e01891b',1405916860,1),('637553',1405602522,1),('6424cd7d978c230862eda595de1a142c',1405658243,1),('656553',1405643080,1),('659c725294483c437eed839aac55d634',1405658243,1),('65bbe721c9789193cad3ef5ebac504e1',1405745202,1),('661553',1405603289,1),('662db986399a5e664894730444b9836d',1405908312,1),('665053',1405589128,1),('665253',1405601988,1),('6695e37935a80b4b28dee50e35098e02',1405914120,1),('679b6bfdf4163f0f9824177e55320bde',1499488157,1),('67bfbe6d38719f0b621e326332d2fa60',1405654845,1),('6872eae8fc000032549d1225061d2fe8',1405914242,1),('687453',1405643908,1),('68fe24bd717a3a01bb85dcc5696d2141',1405916440,1),('690353',1405582208,1),('69053',1405476274,1),('6985a6081dd0fa0e3e81eeb7ab4e926d',1405916992,1),('69879c16aa8265999e5bdccecc34b0d6',1405914904,1),('6a06c3772f26b9ab4de4fdb27ed326c6',1405654785,1),('6a8d32d3eb3fbda57f1d67f962633a16',1405658280,1),('6c0845afc08671ed14faffd926f52241',1405656060,1),('6c5eddd7d93732b458362e0734555e34',1405746371,1),('6c8defc22f0f52c2e93a8c75842f962d',1405666019,1),('6d06301b25affc8ba4e484e1a556e576',1405754386,1),('6efeb26cf55447d8c48ce4e1f6be2186',1405658230,1),('704853',1405600304,1),('70f50cff095a899da8aad8823fa3df1a',1405743348,1),('711253',1405588363,1),('712253',1405600387,1),('729553',1405603429,1),('7321f086ac587b82f1bad586ae87c291',1405658242,1),('735453',1405598472,1),('740653',1405588084,1),('75353',1405432470,1),('75456',1405644309,1),('758053',1405600369,1),('7614a5327c538eb95a468712ffb2f324',1405825970,1),('772053',1405595459,1),('781fa6720a6a5e4a01f37057ee470b03',1405745369,1),('7939b35713283599eba7208cdead38af',1405656647,1),('7983c61b198e91fe9501e709cf847262',1405658283,1),('7ac6513b85ec4c3024eaf32c178ef42c',1405654755,1),('7bb555f4b5c1e6404a3999e1b7558047',1405914135,1),('7ccffa876b524431ebc699af3aaeb6f3',1405745682,1),('7d115caad48f93c2210d2835626096a1',1405914869,1),('7e0b46ed16e921e0b95bc8a9a9620f22',1405656593,1),('7ee6a300a8b7057cce97b9620e255075',1405657916,1),('800253',1405436380,1),('80183b6112e07a7e85b5e36fbf0d9c55',1405673427,1),('804f9c81aa254c8132292c8d92320805',1405915528,1),('813d195d41400040098263d48523b49c',1499488089,1),('814653',1405436385,1),('817453',1405431995,1),('822053',1405588102,1),('82f1951932788189336037cdfc282a10',1405826026,1),('832653',1405583196,1),('83ff9debd6220239859dacf70a9d959e',1405754520,1),('846f3d2dfe3c88b2b93578f488cf097b',1405654847,1),('8497d97fe3b44b56987ac3b49924994c',1405657240,1),('84cbb0148a6022507c7451a6c3085b03',1405752959,1),('856453',1405640968,1),('860d96505b11209cae5feea45efbef4c',1405743373,1),('8789',1405654038,1),('894f965117ecb2e23efea0dbef3b1292',1405743318,1),('899053',1405602499,1),('8a2634adb1c7e33fefb14c18287f5c87',1405745631,1),('8a4a7573f3f03a63abc7421d958a138a',1405741456,1),('8b1005a0e159535cff53abc3fedce546',1405932617,1),('8bfe41b79b63aa74cf48a603e1a73144',1405914870,1),('8c5152d801da6e301223366a155c0cf1',1405745224,1),('8c6a42a1c3c962556d3b1f878341f803',1405917973,1),('8dd49c1f9bbd4e8403415dea655a3028',1405917752,1),('8e08678b567aafa8765a991471eafc92',1405915629,1),('8e22d586033822ad7d7b9a11ffb427fc',1405654782,1),('8e79045878b3e53372919a887a4e4fea',1405745253,1),('9',1405654041,1),('907353',1405602495,1),('915f20aae8ae0bc88b8497108bc971cf',1405950852,1),('935311b78f288e86f1d2af0ea61aabc4',1405657262,1),('93cb350d5a592386a284f41c49d223ee',1405656011,1),('941309cd6ed141221f03602ae842eb0e',1499488083,1),('94353',1405582700,1),('944deff5878520ae486ed6904780a29a',1405746900,1),('945653',1405582770,1),('95012978cabdbdaaf0a4bde4f81c1558',1405656056,1),('952053',1405643412,1),('95e37f562ed3301cb8fa04de14d4aadd',1499488153,1),('964153',1405643481,1),('973075e936e846f6516fe3c24e4ec107',1405742241,1),('976053',1405602521,1),('978b9c69591495cad654233fbec4509f',1405741962,1),('981aaa47f8bae8d00c862f42ac0f7693',1405948305,1),('990cb850bfede913fcb1a3306ddfdf48',1405754386,1),('9a0d7a6dd792fe314339623822cc1f5c',1405915495,1),('9dc586611dd0a2d54af59e2824e77785',1405672689,1),('9df891554d07c34f1e6274fef0d25b21',1405914642,1),('9ee7f5d98f561d5285590274462acc54',1499487920,1),('9fc7eec1e9bc756e41322d8e04375fde',1405744864,1),('9fe960e6339df7e14468c1625014ec5b',1405745224,1),('a14b3fad545268f212a48b2df90f51db',1405914632,1),('a1a7724f50a5f7eaa81b6681fa5e7695',1405919371,1),('a352c3a9858e95f89342cc4a45fb69f2',1405655596,1),('a3c829747f024767ea249e6d699cd9b8',1405657259,1),('a43eb9719b943d646b2153e80b515f29',1499487876,1),('a45f04b5033b914c848420e7e483f010',1405742314,1),('a4973f8fa500814a31a8a11f16246de8',1405917753,1),('a5ad8e5ba0abac8147afeac8989eb516',1405743314,1),('a6ad7d40fe4e36a0fb6efc15ae32a8e2',1405672687,1),('a81f0312fbf2fcf6b11be03ac1e2297e',1405656063,1),('a8e4672356ab0fac566f5088474662b9',1405914904,1),('a921235acf00402abfe0eaed9e3a2c71',1405744799,1),('aa06a3ef675f4a49fd31c76faa19a7fd',1405914117,1),('aa64e4a1c0ae359d840c344c44446207',1405745716,1),('aa9c4c49c982c8ea02625d7a75ee4fb8',1405950818,1),('aa9d7a20ce4fa1c8e235593e21d038d6',1405919374,1),('aaa6208a3306be97ca33b6b4f228b4ea',1405656052,1),('acc264beba738dc61db9e9ee1a7d62c1',1405914644,1),('accae1f9f9169e6a36359c38de28e766',1405826278,1),('ad5f984301ecd7d7b3c4875b5fe041ab',1405915496,1),('adae4c409e80e3f6d2eefe3bedfebf0b',1405950817,1),('aeedcffbc028772c8e67dafb412cbd12',1405915493,1),('af04c4c8cd82285b31586095a553cb4f',1499488091,1),('af4bc871cc55ad1350fc4a2c2bc8bed4',1405658231,1),('afa627e3800a10b533568d7fd80c6202',1405746316,1),('afad273f15484fef4188da75107e41c7',1405914640,1),('afd25ad2f39eb121ab46dc8d637710bb',1499488085,1),('b1b49fcc36742637c6eb062bfaf7e057',1405665959,1),('b2c070d36491389309dffd67d0eafd3d',1405914240,1),('b36214f841d2e3f248e1bcb0a52d722e',1405917766,1),('b3d9bedb5ef2f764fb44e8b61564294c',1405744724,1),('b67244b93e36d2fa082a8aa5f311605d',1405917009,1),('b7f703c1695042b1d6e6355649625204',1405950836,1),('b8675e8b322a2a15a9695a826bd873ce',1405819863,1),('b8f42f49116242b0f14fa5a9d15cfbb5',1405656675,1),('bcb818c9710164ea22e8122745dec7ad',1405743373,1),('bcf80eb66b12dc5ddbac4a29afd6fd4d',1405744705,1),('bd4dca0b0e351758e89cdd4d2538655b',1405666019,1),('be736b7e28bcd276af013c290e65981a',1405918549,1),('be99ffd914e04ff54ac2a44abfa97706',1405917975,1),('c0b2eb8ea8d30d8a8462f3d7714a9473',1405914116,1),('c157b595cd85144c727bd17d32be0c63',1405656926,1),('c3106e778266f6fa328616e8d580944b',1405654850,1),('c381ef794036e810bf40aba5ddbbd9e4',1405658239,1),('c3c10008fc89979819edced3a358df4c',1405741575,1),('c61f36dd92c8c407e3b9563ff1a20837',1405950824,1),('c62477a82abd8860859b3bbaf6132cf0',1499487869,1),('c7a29959d937fe37c989e8b66b419008',1405914135,1),('c81433033e715eb14697a3ab5aa0fb51',1405914387,1),('c83a0b32e4cc90f78852853316db49de',1405914659,1),('c907fa79e2775f150616626218d759e2',1405917952,1),('c9d8bc7902a6ce6c53baea06c1a50e5a',1405914242,1),('c9fb2c827c1f6e29ea6f1173e44208ec',1405658317,1),('cc00d157344b9f2052bf8e3c40623962',1405745706,1),('ccd7f407942617758909a1d03d310b80',1405738796,1),('cd04a7a0d7e72b373d8f33864531f4fd',1405656920,1),('cd92ff82dae41b953bf10cde31094e0b',1499488161,1),('cfb17a758c592d21d42dab4f55905424',1405656926,1),('cfba7f1d6e2b8f4118fff0f874cb08b8',1405742308,1),('cfe9415fed02b680091e60eece44edf9',1405917953,1),('d54710271c6d92a1c4cf6a488f8c0a31',1405658291,1),('d5ea7d4f5dd09b7b1d12eb9ebbc13373',1499487990,1),('d7ef862b3c872656e450e4df5578d54c',1405743061,1),('d82297f8db8710e981ef20b4e41dd558',1405915629,1),('d89e2a963f5ebe099141555398c705fb',1405654850,1),('d9cc9c94e0ecf16bfa6274464cf7fc27',1405742358,1),('daae01949b7d76cbbef9aa7cc57ba031',1405914659,1),('dac76df42fffc5d3117a21f2ea5ea560',1405914099,1),('daf086c0cd288809671163bb255a1a98',1405741698,1),('db46b661492113bb3e2c68f5ea530187',1405742316,1),('dc11e9544d4cc0636bf7296ba7cbd169',1405818419,1),('dca206852871bf8e8e107b9add1a241e',1405823239,1),('dcdc41487cda5df10b25032588262815',1405826323,1),('deb93adc16c8a9160fb034269b20a2b5',1499487878,1),('df0d50a9ec5b919b7d6ee636544f9c6e',1405826142,1),('dfa019dd6368ca5ca71303ff56fcea21',1405656040,1),('dfbc20dd59faea80c1765b572bb46ee6',1405657272,1),('e03a4a6dd9262a65b2c6ea3f900d0f19',1405753033,1),('e0ac9c65d4950979aea1dd1331cb9803',1405914100,1),('e16ac2fe291937053fc3b021291c71be',1405656063,1),('e2c76487c2cc110333bbf6537a738f20',1405917940,1),('e2f9487f3f7768d47c7ee82482c0d775',1405916860,1),('e3e376459199a7eaeb856fc0a2996f16',1405754461,1),('e3fe7e4dbb47541a87be53ab5c995da2',1405916266,1),('e56ef059cbae087e1471622cfbbd7da1',1405654784,1),('e650d1782143ba287823291759c2f492',1405656053,1),('e6e66a76e45ae865db902f9a251eb09e',1405745405,1),('e7f50d4506fab7bbcbbd8ab1cd1e06f2',1405743362,1),('ea25c5e4fc77f7e002fdb13cde968dab',1405656057,1),('ea8215bc035879d3cd56b0a11e3ea4d4',1405656055,1),('eafbce17b2b748deb3aaf85135809c5c',1405917010,1),('ec4c19533c771685a533ee81f5cd30b8',1405752931,1),('ecbd45efc702c05a8fc7e7934ae22814',1405915529,1),('ed8f88f1702541def13409216e90487b',1405654848,1),('edab82f289668bc0fb79d81e1000c13e',1405657239,1),('ef7aeb63cc734e75a40568809b1543da',1405752930,1),('efffd41b9853ca3256ea1f04d80bd3ae',1405914303,1),('f04822566b88d14692620c39a3830d93',1499488149,1),('f184da371c75c719dc138858132d98c0',1499488088,1),('f2d29b196b145aefe3e41ab0334d316e',1405908800,1),('f6555d2d6cfbeb986528e30c3e47fca9',1405656061,1),('f7465700c3d3143a274de5af105d3d44',1405656069,1),('f775ac66772d5f2849385c8c57137b38',1499487874,1),('f8a923fc286d612fddbee0c4f07c3d0d',1405948318,1),('f94b8ea580c39117e6068e4fc5b71545',1499487983,1),('fa8b7a89e4ac3f581c7e44b626cdebd6',1405657234,1),('fa9b71a7b6d7cc1d799630266e428a46',1499487863,1),('fb8bb58eb9cbea9697d2c0c2009fa15c',1405916439,1),('fc3fc6bcbeb83d97a5713ede717f6305',1499487924,1),('fcc31b142aeb0b7285cc5313ece26294',1405745368,1);

/*!40101 SET SQL_MODE=@OLD_SQL_MODE */;
/*!40014 SET FOREIGN_KEY_CHECKS=@OLD_FOREIGN_KEY_CHECKS */;
